directory,files_with_matches,total_matching_occurrences,url_1,url_2,url_3,url_4,url_5,url_6,url_7,url_8,url_9,url_10,url_11,url_12,url_13,url_14
_archived/analyze_pdf_invoices_java_udf_snowsight,1,2,http://quickstarts.snowflake.com/guide/getting_started_with_unstructured_data/index.html?index=..%2F..index,https://quickstarts.snowflake.com/guide/extract_attributes_dicom_files_java_udf/index.html,,,,,,,,,,,,
_archived/ask-questions-to-your-documents-using-rag-with-snowflake-cortex,1,1,https://quickstarts.snowflake.com/guide/ask_questions_to_your_own_documents_with_snowflake_cortex_search/index.html,,,,,,,,,,,,,
_archived/build_rag_based_blog_ai_assistant_using_streamlit_openai_and_llamaindex,1,5,https://quickstarts.snowflake.com/guide/cloud_native_data_engineering_with_matillion_and_snowflake,https://quickstarts.snowflake.com/guide/data_engineering_pipelines_with_snowpark_python,https://quickstarts.snowflake.com/guide/data_engineering_with_apache_airflow,https://quickstarts.snowflake.com/guide/data_engineering_with_snowpark_python_and_dbt,https://quickstarts.snowflake.com/guide/getting_started_with_dataengineering_ml_using_snowpark_python,,,,,,,,,
_archived/developing-react-native-applications-using-hybrid-tables-sql-alchemy-flask,1,1,https://quickstarts.snowflake.com/guide/tasty_bytes_introduction/index.html,,,,,,,,,,,,,
_archived/getting_started_with_amg_and_streamlit_on_real-time_dashboarding,1,6,https://quickstarts.snowflake.com/,https://quickstarts.snowflake.com/guide/getting_started_with_snowpipe_streaming_aws_msk/,https://quickstarts.snowflake.com/guide/getting_started_with_snowpipe_streaming_aws_msk/index.html?index=..%2F..index#0,,,,,,,,,,,
_archived/getting_started_with_feast_snowflake,1,2,https://quickstarts.snowflake.com/guide/getting_started_snowpark_machine_learning/index.html?index=..%2F..index#0,https://quickstarts.snowflake.com/guide/getting_started_with_snowflake/index.html#0,,,,,,,,,,,,
_archived/integrating_tasty_bytes_location_recommendation_ml_model_into_the_react_native_data_app,1,2,https://quickstarts.snowflake.com/guide/tasty_bytes_introduction/index,https://quickstarts.snowflake.com/guide/tasty_bytes_snowpark_101_for_data_science,,,,,,,,,,,,
_archived/tasty_bytes_native_app,1,4,https://quickstarts.snowflake.com/guide/tasty_bytes_introduction/index.html?index=..%2F..index#1,https://quickstarts.snowflake.com/guide/tasty_bytes_snowpark_101_for_data_science/index.html?index=..%2F..index#1,,,,,,,,,,,,
a_comprehensive_guide_to_ingesting_data_into_snowflake,1,3,https://quickstarts.snowflake.com/guide/data_engineering_streaming_integration/index.html,https://quickstarts.snowflake.com/guide/getting_started_with_snowpipe/index.html,https://quickstarts.snowflake.com/guide/getting_started_with_snowpipe_streaming_aws_msk/index.html,,,,,,,,,,,
a_guide_to_kipi_marketing_mix_modelling_and_analytics_app,1,1,https://quickstarts.snowflake.com/guide/a_guide_to_kipi_marketing_mix_modelling_analytics_app/img/3be51d0b94a8705c.png,,,,,,,,,,,,,
a_postman_tutorial_for_snowflake_sql_api,1,1,https://quickstarts.snowflake.com/guide/getting_started_snowflake_sql_api/index.html,,,,,,,,,,,,,
accelerate-topic-modeling-with-gpus-in-snowflake-ml,1,4,https://quickstarts.snowflake.com/guide/defect_detection_using_distributed_pyTorch_with_snowflake_notebooks/,https://quickstarts.snowflake.com/guide/getting-started-with-running-distributed-pytorch-models-on-snowflake/,https://quickstarts.snowflake.com/guide/notebook-container-runtime/,https://quickstarts.snowflake.com/guide/scale-embeddings-with-snowflake-notebooks-on-container-runtime/,,,,,,,,,,
advanced_guide_to_snowflake_feature_store,1,3,https://quickstarts.snowflake.com/guide/data_engineering_pipelines_with_snowpark_python/index.html,https://quickstarts.snowflake.com/guide/getting_started_snowpark_machine_learning/index.html,https://quickstarts.snowflake.com/guide/intro_to_machine_learning_with_snowpark_ml_for_python/index.html,,,,,,,,,,,
ai_agent_health_payers_cc,1,3,https://quickstarts.snowflake.com/guide/ai_agent_health_payers_cc/img/16ed9348c75c10c0.png?_ga=2.261525770.687428192.1757961332-1806211272.1741193538,https://quickstarts.snowflake.com/guide/getting_started_with_cortex_agents/index.html#0,https://quickstarts.snowflake.com/guide/getting_started_with_snowflake_agents_api_and_react/index.html?index=..%2F..index#0,,,,,,,,,,,
automating_document_processing_workflows_with_document_ai,1,1,https://quickstarts.snowflake.com/guide/tasty_bytes_extracting_insights_with_docai/index.html?index=..%2F..index#0,,,,,,,,,,,,,
build-a-visual-idea-generator-with-text-to-image-models,1,5,https://quickstarts.snowflake.com/guide/ask_questions_to_your_own_documents_with_snowflake_cortex_search/#0,https://quickstarts.snowflake.com/guide/ask_questions_to_your_own_documents_with_snowflake_cortex_search/index.html?index=..%2F..index#0,https://quickstarts.snowflake.com/guide/getting_started_with_dynamic_tables/index.html?index=..%2F..index#0,https://quickstarts.snowflake.com/guide/getting_started_with_snowflake_notebooks/index.html?index=..%2F..index#0,https://quickstarts.snowflake.com/guide/tasty_bytes_price_optimization_using_snowflake_notebooks_and_streamlit/index.html?index=..%2F..index#0,,,,,,,,,
build-agentic-application-in-snowflake,1,1,https://quickstarts.snowflake.com/guide/build-agentic-application-in-snowflake/index.html?index=..%2F..index#1,,,,,,,,,,,,,
build-ml-models-for-customer-conversions,1,2,https://quickstarts.snowflake.com/,,,,,,,,,,,,,
build_a_custom_api_in_java_on_aws,1,3,https://quickstarts.snowflake.com/guide/data_app/index.html,,,,,,,,,,,,,
build_a_custom_api_in_python_on_aws,1,3,https://quickstarts.snowflake.com/guide/data_app/index.html,,,,,,,,,,,,,
build_a_data_application_with_hybrid_tables,1,2,https://quickstarts.snowflake.com/guide/getting_started_with_hybrid_tables,,,,,,,,,,,,,
build_a_streaming_data_pipeline_in_python,1,2,https://quickstarts.snowflake.com/guide/getting_started_with_dynamic_tables/index.html,https://quickstarts.snowflake.com/guide/getting_started_with_snowpark_for_python_streamlit/index.html,,,,,,,,,,,,
build_embedded_analytics_with_thoughtspot,1,1,https://quickstarts.snowflake.com/,,,,,,,,,,,,,
build_genai_inpainting_and_hybridtable_app_in_snowpark_container_services,1,1,https://quickstarts.snowflake.com/guide/intro_to_snowpark_container_services/index.html#0,,,,,,,,,,,,,
building-geospatial-multi-layer-apps-with-snowflake-and-streamlit,1,2,https://quickstarts.snowflake.com/guide/geo-for-machine-learning/index.html?index=..%2F..index#0,https://quickstarts.snowflake.com/guide/using_snowflake_cortex_and_streamlit_with_geospatial_data/index.html#1,,,,,,,,,,,,
building_dynamic_tables_in_snowflake_with_coalesce,1,1,https://quickstarts.snowflake.com/guide/transform_your_data_with_coalesce/index.html?index=..%2F..index#0,,,,,,,,,,,,,
building_scalable_time_series_forecasting_models_on_snowflake,1,3,https://quickstarts.snowflake.com/guide/getting_started_with_snowflake_notebooks/index.html#0,https://quickstarts.snowflake.com/guide/notebook-container-runtime/index.html#0,https://quickstarts.snowflake.com/guide/train-an-xgboost-model-with-gpus-using-snowflake-notebooks/index.html#0,,,,,,,,,,,
call_centre_analytics_with_snowflake_cortex_and_spcs,1,1,https://quickstarts.snowflake.com/guide/building-cortex-aisql-powered-call-centre-analytics/index.html?index=..%2F..index#0,,,,,,,,,,,,,
create-a-route-optimisation-and-vehicle-route-plan-simulator,1,4,https://quickstarts.snowflake.com/guide/building-geospatial-mult-layer-apps-with-snowflake-and-streamlit/,https://quickstarts.snowflake.com/guide/geo-for-machine-learning/index.html?index=..%2F..index#0,https://quickstarts.snowflake.com/guide/getting-started-with-snowflake-cli/index.html#0,https://quickstarts.snowflake.com/guide/using_snowflake_cortex_and_streamlit_with_geospatial_data/index.html#1,,,,,,,,,,
credit-card-fraud-detection-using-snowflake-ml,1,3,https://quickstarts.snowflake.com/guide/getting-started-with-snowflake-cortex-ml-forecasting-and-classification/index.html?index=..%2F..index#0,https://quickstarts.snowflake.com/guide/getting_started_with_snowflake_feature_store/index.html?index=..%2F..index#0,https://quickstarts.snowflake.com/guide/lead_scoring_with_ml_powered_classification/index.html?index=..%2F..index#0,,,,,,,,,,,
customer_insights_analyzer_using_vertex_ai_and_snowflake,1,1,https://quickstarts.snowflake.com/guide/getting_started_with_snowflake/index.html#0,,,,,,,,,,,,,
data_collaboration_native_app,1,1,https://quickstarts.snowflake.com/guide/data_collaboration_two_way/index.html?index=..%2F..index#0,,,,,,,,,,,,,
data_engineering_deploying_pipelines_with_snowflake_and_dbt_labs,1,1,https://quickstarts.snowflake.com/guide/data_engineering_pipelines_with_snowpark_python/index.html?index=..%2F..index#0,,,,,,,,,,,,,
data_engineering_pipelines_with_snowpark_pandas,1,1,https://quickstarts.snowflake.com/guide/getting_started_with_pandas_on_snowflake/,,,,,,,,,,,,,
data_engineering_pipelines_with_snowpark_python,1,1,https://quickstarts.snowflake.com/guide/getting_started_snowpark_machine_learning/index.html?index=..%2F..index#0,,,,,,,,,,,,,
data_engineering_pipelines_with_snowpark_python_it,1,1,https://quickstarts.snowflake.com/guide/getting_started_snowpark_machine_learning/index.html?index=..%2F..index#0,,,,,,,,,,,,,
data_engineering_pipelines_with_snowpark_python_ja,1,3,https://quickstarts.snowflake.com/guide/getting_started_snowpark_machine_learning/index.html?index=..%2F..index#0,,,,,,,,,,,,,
data_engineering_pipelines_with_snowpark_python_kr,1,3,https://quickstarts.snowflake.com/guide/getting_started_snowpark_machine_learning/index.html?index=..%2F..index#0,,,,,,,,,,,,,
data_engineering_streaming_integration,1,4,https://quickstarts.snowflake.com/guide/getting_started_with_snowpipe/index.html?index=..%2F..index#0,https://quickstarts.snowflake.com/guide/getting_started_with_snowpipe_streaming_aws_msk/index.html?index=..%2F..index#0,,,,,,,,,,,,
data_engineering_with_notebooks,1,2,https://quickstarts.snowflake.com/guide/data_engineering_pipelines_with_snowpark_python/index.html?index=..%2F..index#0,,,,,,,,,,,,,
data_engineering_with_snowpark_python_intro,1,2,https://quickstarts.snowflake.com/guide/data_engineering_pipelines_with_snowpark_python,https://quickstarts.snowflake.com/guide/getting_started_with_dataengineering_ml_using_snowpark_python,,,,,,,,,,,,
data_mapping_in_native_apps,1,2,https://quickstarts.snowflake.com/guide/getting_started_with_native_apps/#0,https://quickstarts.snowflake.com/guide/native-app-chairlift/#0,,,,,,,,,,,,
deploy_finetune_os_llama2_in_snowpark_container_services,1,1,https://quickstarts.snowflake.com/guide/intro_to_snowpark_container_services/index.html#0,,,,,,,,,,,,,
deploying_models_from_azureml_and_sagemaker_to_snowparkml,1,2,https://quickstarts.snowflake.com/guide/getting_started_with_snowflake/index.html#0,https://quickstarts.snowflake.com/guide/intro_to_machine_learning_with_snowpark_ml_for_python/index.html?index=..%2F..index#0,,,,,,,,,,,,
develop-and-manage-ml-models-with-feature-store-and-model-registry,1,4,https://quickstarts.snowflake.com/guide/intro-to-feature-store/index.html#0,https://quickstarts.snowflake.com/guide/overview-of-feature-store-api/index.html?index=..%2F..index#0,,,,,,,,,,,,
developing_tasty_bytes_react_native_application_with_snowflake_sql_api,1,1,https://quickstarts.snowflake.com/guide/tasty_bytes_introduction/index.html,,,,,,,,,,,,,
developing_tasty_bytes_react_native_application_with_snowflake_sql_api_ja,1,1,https://quickstarts.snowflake.com/guide/tasty_bytes_introduction_ja/index.html,,,,,,,,,,,,,
devops_dcm_terraform_github,1,2,https://quickstarts.snowflake.com/guide/terraforming_snowflake/index.html?index=..%2F..index#0,,,,,,,,,,,,,
distributed_training_using_pytorch_object_detection_in_snowflake_notebooks,1,4,https://quickstarts.snowflake.com/guide/getting-started-with-running-distributed-pytorch-models-on-snowflake/#0,https://quickstarts.snowflake.com/guide/intro_to_machine_learning_with_snowpark_ml_for_python/#0,https://quickstarts.snowflake.com/guide/notebook-container-runtime/index.html#0,https://quickstarts.snowflake.com/guide/scale-embeddings-with-snowflake-notebooks-on-container-runtime/index.html?index=..%2F..index#0,,,,,,,,,,
e2e-task-graph,1,2,https://quickstarts.snowflake.com/guide/build-ml-models-for-customer-conversions/index.html?index=..%2F..index#0,https://quickstarts.snowflake.com/guide/end-to-end-ml-workflow/index.html?index=..%2F..index#1,,,,,,,,,,,,
end-to-end-analytics-with-snowflake-and-power-bi,1,7,https://quickstarts.snowflake.com/guide/getting_started_with_dynamic_tables/index.html?index=..%2F..index#0,https://quickstarts.snowflake.com/guide/getting_started_with_horizon_for_data_governance_in_snowflake/index.html?index=..%2F..index#0,https://quickstarts.snowflake.com/guide/tasty_bytes_introduction/index.html?index=..%2F..index#0,https://quickstarts.snowflake.com/guide/tasty_bytes_zero_to_snowflake_collaboration/index.html?index=..%2F..index#0,https://quickstarts.snowflake.com/guide/tasty_bytes_zero_to_snowflake_governance_with_horizon/index.html?index=..%2F..index#0,,,,,,,,,
end-to-end-ml-workflow,1,4,https://quickstarts.snowflake.com/guide/defect_detection_using_distributed_pyTorch_with_snowflake_notebooks/index.html?index=..%2F..index#0,https://quickstarts.snowflake.com/guide/getting-started-with-running-distributed-pytorch-models-on-snowflake/#0,https://quickstarts.snowflake.com/guide/notebook-container-runtime/index.html#0,https://quickstarts.snowflake.com/guide/scale-embeddings-with-snowflake-notebooks-on-container-runtime/index.html?index=..%2F..index#3,,,,,,,,,,
extract_attributes_dicom_files_java_udf,1,2,http://quickstarts.snowflake.com/guide/getting_started_with_unstructured_data/index.html?index=..%2F..index,https://quickstarts.snowflake.com/guide/analyze_pdf_invoices_java_udf_snowsight/index.html?index=..%2F..index#0,,,,,,,,,,,,
extracting-insights-from-video-with-multimodal-ai-analysis,1,1,https://quickstarts.snowflake.com/guide/getting_started_with_cortex_analyst/,,,,,,,,,,,,,
fine-tune-an-llm-in-snowpark-container-services-with-autotrain,1,4,https://quickstarts.snowflake.com/guide/build_a_data_app_and_run_it_on_Snowpark_container_services/index.html?index=..%2F..index#0,https://quickstarts.snowflake.com/guide/intro_to_snowpark_container_services/index.html#1,https://quickstarts.snowflake.com/guide/intro_to_snowpark_container_services/index.html?index=..%2F..index#0,,,,,,,,,,,
gain_insights_from_unstructured_data,1,3,https://quickstarts.snowflake.com/guide/ask_questions_to_your_own_documents_with_snowflake_cortex_search/index.html?index=..%2F..index#0,https://quickstarts.snowflake.com/guide/automating_document_processing_workflows_with_document_ai/index.html?index=..%2F..index#0,https://quickstarts.snowflake.com/guide/getting_started_with_cortex_analyst/index.html?index=..%2F..index#0,,,,,,,,,,,
geo-for-machine-learning,1,5,https://quickstarts.snowflake.com/guide/geo_analysis_geometry/index.html?index=..%2F..index#0,https://quickstarts.snowflake.com/guide/geo_performance/index.html?index=..%2F..index#0,https://quickstarts.snowflake.com/guide/geospatial_analytics_with_snowflake_and_carto_ny/index.html,,,,,,,,,,,
geo_analysis_geometry,1,2,https://quickstarts.snowflake.com/guide/geo_analysis_telecom/index.html,https://quickstarts.snowflake.com/guide/geospatial_analytics_with_snowflake_and_carto_ny/index.html,,,,,,,,,,,,
geo_performance,1,3,https://quickstarts.snowflake.com/guide/geo_analysis_geometry/index.html#0,https://quickstarts.snowflake.com/guide/geo_analysis_geometry/index.html?index=..%2F..index#0,https://quickstarts.snowflake.com/guide/geospatial_analytics_with_snowflake_and_carto_ny/index.html,,,,,,,,,,,
get-started-snowflake-cortex-knowledge-extensions,1,1,https://quickstarts.snowflake.com/guide/ask_questions_to_your_own_documents_with_snowflake_cortex_search/index.html#0,,,,,,,,,,,,,
getting-started-openflow-kafka-connector,1,2,https://quickstarts.snowflake.com/guide/getting_started_with_openflow_postgresql_cdc/,https://quickstarts.snowflake.com/guide/getting_started_with_openflow_spcs/index.html,,,,,,,,,,,,
getting-started-openflow-postgresql-cdc,1,3,https://quickstarts.snowflake.com/guide/getting-started-openflow-spcs,https://quickstarts.snowflake.com/guide/getting_started_with_Openflow_spcs/index.html,https://quickstarts.snowflake.com/guide/getting_started_with_Openflow_spcs/index.html#10,,,,,,,,,,,
getting-started-openflow-unstructured-data-pipeline,1,2,https://quickstarts.snowflake.com/guide/getting_started_with_Openflow_spcs/index.html,,,,,,,,,,,,,
getting-started-with-cortex-aisql,1,1,https://quickstarts.snowflake.com/guide/getting-started-with-cortex-aisql/img/f65e99c9c8dbf752.png?_ga=2.50488033.970314110.1758562613-1806211272.1741193538&_gac=1.112796406.1758675992.CjwKCAjwisnGBhAXEiwA0zEOR1sIXOVV_EsVJWwLfve5dvv0oNT7nVRSlx19ZM16B3Kj1k4neCKwLxoCf70QAvD_BwE,,,,,,,,,,,,,
getting-started-with-feature-store,1,4,https://quickstarts.snowflake.com/guide/develop-and-manage-ml-models-with-feature-store-and-model-registry/index.html?index=..%2F..index#0,https://quickstarts.snowflake.com/guide/overview-of-feature-store-api/index.html?index=..%2F..index#0,,,,,,,,,,,,
getting-started-with-ml-observability-in-snowflake,1,1,https://quickstarts.snowflake.com/guide/intro_to_machine_learning_with_snowpark_ml_for_python/#0,,,,,,,,,,,,,
getting-started-with-openflow-spcs,1,1,https://quickstarts.snowflake.com/guide/getting_started_with_Openflow_unstructured_data_pipeline/index.html,,,,,,,,,,,,,
getting-started-with-running-distributed-pytorch-models-on-snowflake,1,6,https://quickstarts.snowflake.com/guide/defect_detection_using_distributed_pyTorch_with_snowflake_notebooks/#0,https://quickstarts.snowflake.com/guide/intro_to_machine_learning_with_snowpark_ml_for_python/#0,https://quickstarts.snowflake.com/guide/notebook-container-runtime/#0,https://quickstarts.snowflake.com/guide/notebook-container-runtime/index.html#0,https://quickstarts.snowflake.com/guide/scale-embeddings-with-snowflake-notebooks-on-container-runtime/#0,https://quickstarts.snowflake.com/guide/train-an-xgboost-model-with-gpus-using-snowflake-notebooks/index.html#0,,,,,,,,
getting-started-with-snowflake-trail-for-observability,1,21,https://quickstarts.snowflake.com/?cat=observability,https://quickstarts.snowflake.com/guide/alert_on_events/index.html,https://quickstarts.snowflake.com/guide/getting-started-with-ml-observability-in-snowflake/index.html,https://quickstarts.snowflake.com/guide/getting-started-with-task-graphs/index.html,https://quickstarts.snowflake.com/guide/getting_started_with_ai_observability/index.html,https://quickstarts.snowflake.com/guide/getting_started_with_dynamic_tables/index.html,https://quickstarts.snowflake.com/guide/getting_started_with_snowpipe/index.html,https://quickstarts.snowflake.com/guide/getting_started_with_snowpipe_streaming_azure_eventhubs/index.html,https://quickstarts.snowflake.com/guide/getting_started_with_streams_and_tasks/index.html,https://quickstarts.snowflake.com/guide/getting_started_with_traces/index.html,https://quickstarts.snowflake.com/guide/java_trace_events/index.html,,,
getting-started-with-synthetic-data-and-distillation-for-llms,1,1,https://quickstarts.snowflake.com/guide/asking_questions_to_your_own_documents_with_snowflake_cortex,,,,,,,,,,,,,
getting-started-with-tool-use-on-cortex-and-anthropic-claude,1,2,https://quickstarts.snowflake.com/,https://quickstarts.snowflake.com/guide/getting_started_with_anthropic_on_snowflake_cortex/index.html?index=..%2F..index#0,,,,,,,,,,,,
getting_started_iceberg_tables,1,2,https://quickstarts.snowflake.com/guide/cortex_ai_sentiment_iceberg/index.html#3,https://quickstarts.snowflake.com/guide/data_engineering_pipelines_with_snowpark_python/index.html,,,,,,,,,,,,
getting_started_snowpark_python_machine_learning,1,1,https://quickstarts.snowflake.com/guide/getting_started_with_snowflake/index.html#0,,,,,,,,,,,,,
getting_started_with_Iceberg_in_OneLake,1,1,https://quickstarts.snowflake.com/guide/getting_started_with_snowflake/index.html#0,,,,,,,,,,,,,
getting_started_with_amazon_q_business and_cortex,1,2,https://quickstarts.snowflake.com/guide/getting_started_with_bedrock_streamlit_and_snowflake/index.html?index=..%2F..index#0,https://quickstarts.snowflake.com/guide/getting_started_with_snowflake/index.html#0,,,,,,,,,,,,
getting_started_with_anthropic_on_snowflake_cortex,1,2,https://quickstarts.snowflake.com/guide/automating_document_processing_workflows_with_document_ai/index.html?index=..%2F..index#0,https://quickstarts.snowflake.com/guide/getting_started_with_cortex_analyst/index.html?index=..%2F..index#0,,,,,,,,,,,,
getting_started_with_audio_sentiment_analysis_using_snowflake_notebooks,1,5,https://quickstarts.snowflake.com/guide/defect_detection_using_distributed_pyTorch_with_snowflake_notebooks/index.html,https://quickstarts.snowflake.com/guide/getting-started-with-running-distributed-pytorch-models-on-snowflake/#0,https://quickstarts.snowflake.com/guide/notebook-container-runtime/index.html#4,https://quickstarts.snowflake.com/guide/scale-embeddings-with-snowflake-notebooks-on-container-runtime/index.html,https://quickstarts.snowflake.com/guide/train-an-xgboost-model-with-gpus-using-snowflake-notebooks/index.html#0,,,,,,,,,
getting_started_with_azure_openai_and_snowflake,1,1,https://quickstarts.snowflake.com/guide/getting_started_with_snowflake/index.html#0,,,,,,,,,,,,,
getting_started_with_azure_openai_streamlit_and_snowflake_for_image_use_cases,1,1,https://quickstarts.snowflake.com/guide/getting_started_with_snowflake/index.html#0,,,,,,,,,,,,,
getting_started_with_bedrock_agentcore_gateway_and_cortex_agents,1,1,https://quickstarts.snowflake.com/guide/getting_started_with_snowflake/index.html#0,,,,,,,,,,,,,
getting_started_with_bedrock_streamlit_and_snowflake,1,1,https://quickstarts.snowflake.com/guide/getting_started_with_snowflake/index.html#0,,,,,,,,,,,,,
getting_started_with_cortex_agents_and_amazon_q,1,1,https://quickstarts.snowflake.com/guide/getting_started_with_snowflake/index.html#0,,,,,,,,,,,,,
getting_started_with_cortex_search_and_microsoft_fabric,1,1,https://quickstarts.snowflake.com/guide/getting_started_with_snowflake/index.html#0,,,,,,,,,,,,,
getting_started_with_dataengineering_ml_using_snowpark_python_es,1,2,https://quickstarts.snowflake.com/guide/data_engineering_pipelines_with_snowpark_python/index.html,https://quickstarts.snowflake.com/guide/getting_started_snowpark_machine_learning/index.html,,,,,,,,,,,,
getting_started_with_dataengineering_ml_using_snowpark_python_fr,1,2,https://quickstarts.snowflake.com/guide/data_engineering_pipelines_with_snowpark_python/index.html,https://quickstarts.snowflake.com/guide/getting_started_snowpark_machine_learning/index.html,,,,,,,,,,,,
getting_started_with_dataengineering_ml_using_snowpark_python_it,1,2,https://quickstarts.snowflake.com/guide/data_engineering_pipelines_with_snowpark_python/index.html,https://quickstarts.snowflake.com/guide/getting_started_snowpark_machine_learning/index.html,,,,,,,,,,,,
getting_started_with_dataengineering_ml_using_snowpark_python_ja,1,2,https://quickstarts.snowflake.com/guide/data_engineering_pipelines_with_snowpark_python/index.html,https://quickstarts.snowflake.com/guide/getting_started_snowpark_machine_learning/index.html,,,,,,,,,,,,
getting_started_with_dataengineering_ml_using_snowpark_python_kr,1,1,https://quickstarts.snowflake.com/guide/getting_started_snowpark_machine_learning/index.html,,,,,,,,,,,,,
getting_started_with_dataengineering_ml_using_snowpark_python_ptbr,1,2,https://quickstarts.snowflake.com/guide/data_engineering_pipelines_with_snowpark_python/index.html,https://quickstarts.snowflake.com/guide/getting_started_snowpark_machine_learning/index.html,,,,,,,,,,,,
getting_started_with_devops_in_snowflake,1,6,https://quickstarts.snowflake.com/guide/data_engineering_pipelines_with_snowpark_python/#0,https://quickstarts.snowflake.com/guide/data_engineering_pipelines_with_snowpark_python/#9,https://quickstarts.snowflake.com/guide/data_engineering_with_snowpark_python_intro/index.html,https://quickstarts.snowflake.com/guide/devops_dcm_schemachange_github/#0,https://quickstarts.snowflake.com/guide/devops_dcm_terraform_github/#0,,,,,,,,,
getting_started_with_distributed_multi_node_multi_gpu_audio_transcription_with_snowflake_ml_container_runtime,1,11,https://quickstarts.snowflake.com/guide/defect_detection_using_distributed_pyTorch_with_snowflake_notebooks,https://quickstarts.snowflake.com/guide/defect_detection_using_distributed_pyTorch_with_snowflake_notebooks/index.html?index=..%2F..index#0,https://quickstarts.snowflake.com/guide/end-to-end-ml-workflow/index.html?index=..%2F..index#1,https://quickstarts.snowflake.com/guide/getting-started-with-running-distributed-pytorch-models-on-snowflake/,https://quickstarts.snowflake.com/guide/getting-started-with-running-distributed-pytorch-models-on-snowflake/#0,https://quickstarts.snowflake.com/guide/intro_to_machine_learning_with_snowpark_ml_for_python/#0,https://quickstarts.snowflake.com/guide/notebook-container-runtime/index.html#0,https://quickstarts.snowflake.com/guide/scale-embeddings-with-snowflake-notebooks-on-container-runtime,https://quickstarts.snowflake.com/guide/scale-embeddings-with-snowflake-notebooks-on-container-runtime/index.html?index=..%2F..index#0,https://quickstarts.snowflake.com/guide/train-an-xgboost-model-with-gpus-using-snowflake-notebooks/index.html#0,,,,
getting_started_with_dynamic_tables/kafka_docker_setup,1,1,https://quickstarts.snowflake.com/guide/getting_started_with_dynamic_tables/index.html?index=..%2F..index#1,,,,,,,,,,,,,
getting_started_with_multimodal_analysis_on_snowflake_cortex,1,2,https://quickstarts.snowflake.com/guide/getting-started-with-tool-use-on-cortex-and-anthropic-claude/index.html?index=..%2F..index#0,https://quickstarts.snowflake.com/guide/getting_started_with_anthropic_on_snowflake_cortex/index.html?index=..%2F..index#0,,,,,,,,,,,,
getting_started_with_native_apps,1,1,https://quickstarts.snowflake.com/guide/native-app-chairlift/#0,,,,,,,,,,,,,
getting_started_with_ocr_and_rag_with_snowflake_notebooks,1,1,https://quickstarts.snowflake.com/guide/ask_questions_to_your_own_documents_with_snowflake_cortex_search/#0,,,,,,,,,,,,,
getting_started_with_openflow_for_cdc_on_sql_server,1,3,https://quickstarts.snowflake.com/guide/getting_started_with_Openflow_spcs/index.html?index=..%2F..index#1,https://quickstarts.snowflake.com/guide/getting_started_with_Openflow_spcs/index.html?index=..%2F..index#5,https://quickstarts.snowflake.com/guide/getting_started_with_Openflow_unstructured_data_pipeline/index.html?index=..%2F..index#1,,,,,,,,,,,
getting_started_with_pandas_on_snowflake,1,1,https://quickstarts.snowflake.com/guide/data_engineering_pipelines_with_snowpark_pandas/,,,,,,,,,,,,,
getting_started_with_sagemaker_canvas_with_snowflake_for_genai,1,1,https://quickstarts.snowflake.com/guide/getting_started_with_snowflake/index.html#0,,,,,,,,,,,,,
getting_started_with_snowflake_agents_api_and_react,1,3,https://quickstarts.snowflake.com/guide/getting_started_with_cortex_agents/index.html,https://quickstarts.snowflake.com/guide/integrate_snowflake_cortex_agents_with_microsoft_teams/index.html,https://quickstarts.snowflake.com/guide/integrate_snowflake_cortex_agents_with_slack/index.html,,,,,,,,,,,
getting_started_with_snowflake_and_aws_kdf,1,3,https://quickstarts.snowflake.com/,https://quickstarts.snowflake.com/guide/getting_started_with_amg_and_streamlit_on_real-time_dashboarding/,,,,,,,,,,,,
getting_started_with_snowflake_and_bigquery_via_iceberg,1,2,https://quickstarts.snowflake.com/guide/getting_started_iceberg_tables/index.html?index=..%2F..index&_ga=2.118770249.1746561633.1731441235-1839732901.1722365997&_gac=1.79615718.1729101473.Cj0KCQjwyL24BhCtARIsALo0fSDcmw4TgPEhApywE1DwnzydK-hvnDtflFy4rTLx7QCKjh1hhw5cKfoaAjzUEALw_wcB#0,https://quickstarts.snowflake.com/guide/getting_started_with_snowflake/index.html#0,,,,,,,,,,,,
getting_started_with_snowpark_for_machine_learning_on_azureml,1,1,https://quickstarts.snowflake.com/guide/getting_started_with_snowflake/index.html#0,,,,,,,,,,,,,
getting_started_with_snowpark_for_machine_learning_on_sagemaker,1,1,https://quickstarts.snowflake.com/guide/getting_started_with_snowflake/index.html#0,,,,,,,,,,,,,
getting_started_with_snowpark_for_machine_learning_on_vertexai,1,1,https://quickstarts.snowflake.com/guide/getting_started_with_snowflake/index.html#0,,,,,,,,,,,,,
getting_started_with_snowpark_in_snowflake_python_worksheets,1,3,https://quickstarts.snowflake.com/guide/data_engineering_pipelines_with_snowpark_python/index.html,https://quickstarts.snowflake.com/guide/getting_started_snowpark_machine_learning/index.html,https://quickstarts.snowflake.com/guide/getting_started_with_dataengineering_ml_using_snowpark_python/index.html,,,,,,,,,,,
getting_started_with_snowpark_in_snowflake_python_worksheets_es,1,2,https://quickstarts.snowflake.com/guide/data_engineering_pipelines_with_snowpark_python/index.html,https://quickstarts.snowflake.com/guide/getting_started_snowpark_machine_learning/index.html,,,,,,,,,,,,
getting_started_with_snowpark_in_snowflake_python_worksheets_fr,1,2,https://quickstarts.snowflake.com/guide/data_engineering_pipelines_with_snowpark_python/index.html,https://quickstarts.snowflake.com/guide/getting_started_snowpark_machine_learning/index.html,,,,,,,,,,,,
getting_started_with_snowpark_in_snowflake_python_worksheets_it,1,2,https://quickstarts.snowflake.com/guide/data_engineering_pipelines_with_snowpark_python/index.html,https://quickstarts.snowflake.com/guide/getting_started_snowpark_machine_learning/index.html,,,,,,,,,,,,
getting_started_with_snowpark_in_snowflake_python_worksheets_ja,1,3,https://quickstarts.snowflake.com/guide/data_engineering_pipelines_with_snowpark_python/index.html,https://quickstarts.snowflake.com/guide/getting_started_snowpark_machine_learning/index.html,https://quickstarts.snowflake.com/guide/getting_started_with_dataengineering_ml_using_snowpark_python/index.html,,,,,,,,,,,
getting_started_with_snowpark_in_snowflake_python_worksheets_kr,1,1,https://quickstarts.snowflake.com/guide/getting_started_snowpark_machine_learning/index.html,,,,,,,,,,,,,
getting_started_with_snowpark_in_snowflake_python_worksheets_ptbr,1,1,https://quickstarts.snowflake.com/guide/data_engineering_pipelines_with_snowpark_python/index.html,,,,,,,,,,,,,
getting_started_with_snowpark_python,1,1,https://quickstarts.snowflake.com/guide/getting_started_with_snowflake/index.html#0,,,,,,,,,,,,,
getting_started_with_snowpark_python_scikit,1,2,https://quickstarts.snowflake.com/guide/data_engineering_pipelines_with_snowpark_python/index.html,https://quickstarts.snowflake.com/guide/getting_started_snowpark_machine_learning/index.html,,,,,,,,,,,,
getting_started_with_snowpipe_streaming_aws_msk,1,3,https://quickstarts.snowflake.com/,https://quickstarts.snowflake.com/guide/getting_started_with_amg_and_streamlit_on_real-time_dashboarding/,,,,,,,,,,,,
getting_started_with_snowpipe_streaming_azure_eventhubs,1,1,https://quickstarts.snowflake.com/,,,,,,,,,,,,,
getting_started_with_traces,1,2,https://quickstarts.snowflake.com/guide/alert_on_events/index.html,https://quickstarts.snowflake.com/guide/getting_started_with_snowflake_notebooks/index.html,,,,,,,,,,,,
getting_started_with_unstructured_data,1,1,https://quickstarts.snowflake.com/guide/getting_started_with_snowsql/index.html?index=..%2F..index,,,,,,,,,,,,,
hex_snowflake_vhol_q4_2024,1,2,https://quickstarts.snowflake.com/guide/customer_reviews_analytics_using_snowflake_cortex/#0,https://quickstarts.snowflake.com/guide/getting_started_with_synthetic_data_and_distillation_for_llms/#0,,,,,,,,,,,,
horizon-intra-org-sharing,1,4,https://quickstarts.snowflake.com/guide/getting_started_iceberg_tables/index.html?index=..%2F..index#0,https://quickstarts.snowflake.com/guide/getting_started_with_native_apps/index.html?index=..%2F..index#0,https://quickstarts.snowflake.com/guide/tasty_bytes_introduction/index.html#0,https://quickstarts.snowflake.com/guide/tasty_bytes_introduction/index.html#3,,,,,,,,,,
how_to_accelerate_data_warehouse_migrations_with_snowconvert_ai,1,1,https://quickstarts.snowflake.com/guide/end2endmigration/index.html?index=..%2F..index#3,,,,,,,,,,,,,
hybrid-tables-jmeter-performance-testing,1,1,https://quickstarts.snowflake.com/guide/getting_started_with_hybrid_tables/,,,,,,,,,,,,,
hybrid_tables_performance_optimization_primer,1,2,https://quickstarts.snowflake.com/guide/getting_started_with_hybrid_tables/index.html#0,https://quickstarts.snowflake.com/guide/hybrid-tables-jmeter-performance-testing/index.html#0,,,,,,,,,,,,
integrate_cortex_agents_with_microsoft_teams,1,1,https://quickstarts.snowflake.com/guide/getting_started_with_the_microsoft_teams_and_365_copilot_cortex_app/#0,,,,,,,,,,,,,
integrating_tasty_bytes_location_recommendation_ml_model_into_the_react_native_data_app_ja,1,2,https://quickstarts.snowflake.com/guide/tasty_bytes_introduction_ja,https://quickstarts.snowflake.com/guide/tasty_bytes_snowpark_101_for_data_science,,,,,,,,,,,,
interfacing_with_arcgis,1,3,https://quickstarts.snowflake.com/guide/geo-for-machine-learning/index.html?index=..%2F..index#1,https://quickstarts.snowflake.com/guide/getting_started_with_geospatial_geography/index.html,https://quickstarts.snowflake.com/guide/getting_started_with_snowflake_notebooks/index.html,,,,,,,,,,,
intro_to_machine_learning_with_snowpark_ml_for_python,1,1,https://quickstarts.snowflake.com/guide/end-to-end-ml-workflow/#0,,,,,,,,,,,,,
leveraging_kumo_for_smarter_recommendations,1,1,https://quickstarts.snowflake.com/guide/getting\_started\_with\_snowflake/index.html\#0,,,,,,,,,,,,,
machine_learning_with_snowpark_python,1,2,https://quickstarts.snowflake.com/guide/getting_started_with_snowpark_python/index.html?index=..%2F..index#0,,,,,,,,,,,,,
many-model-inference-in-snowflake,1,3,https://quickstarts.snowflake.com/guide/partitioned-ml-model/index.html?index=..%2F..index#0,,,,,,,,,,,,,
marketing_data_foundation_starter,1,1,https://quickstarts.snowflake.com/guide/getting-started-with-snowflake-cli/index.html#0,,,,,,,,,,,,,
mcp-server-for-cortex-agents,1,1,https://quickstarts.snowflake.com/guide/getting_started_with_cortex_agents/index.html#0,,,,,,,,,,,,,
ml-feature-creation,1,1,https://quickstarts.snowflake.com/guide/notebook-container-runtime/#0,,,,,,,,,,,,,
movie_recommendation_chatbot_powered_by_kumo,1,1,https://quickstarts.snowflake.com/guide/leveraging_kumo_for_smarter_recommendations/index.html?index=..%2F..index#0,,,,,,,,,,,,,
native-app-chairlift,1,1,https://quickstarts.snowflake.com/guide/getting_started_with_native_apps/,,,,,,,,,,,,,
notebook-container-runtime,1,8,https://quickstarts.snowflake.com/guide/defect_detection_using_distributed_pyTorch_with_snowflake_notebooks,https://quickstarts.snowflake.com/guide/defect_detection_using_distributed_pyTorch_with_snowflake_notebooks/,https://quickstarts.snowflake.com/guide/getting-started-with-running-distributed-pytorch-models-on-snowflake/,https://quickstarts.snowflake.com/guide/intro_to_machine_learning_with_snowpark_ml_for_python/#0,https://quickstarts.snowflake.com/guide/scale-embeddings-with-snowflake-notebooks-on-container-runtime,https://quickstarts.snowflake.com/guide/scale-embeddings-with-snowflake-notebooks-on-container-runtime/index.html?index=..%2F..index#0,https://quickstarts.snowflake.com/guide/train-an-xgboost-model-with-gpus-using-snowflake-notebooks/index.html#0,,,,,,,
notebook-llama32v,1,1,https://quickstarts.snowflake.com/guide/notebook-container-runtime/,,,,,,,,,,,,,
overview-of-feature-store-api,1,4,https://quickstarts.snowflake.com/guide/develop-and-manage-ml-models-with-feature-store-and-model-registry/index.html?index=..%2F..index#0,https://quickstarts.snowflake.com/guide/intro-to-feature-store/index.html#0,,,,,,,,,,,,
parsing_semi_structured_data_with_coalesce,1,1,https://quickstarts.snowflake.com/guide/transform_your_data_with_coalesce/index.html?index=..%2F..index#0,,,,,,,,,,,,,
processing_hl7_fhir_messages_with_snowflake,1,1,https://quickstarts.snowflake.com/guide/getting_started_with_snowsql/index.html?index=..%2F..index,,,,,,,,,,,,,
processing_hl7_v2_messages_with_snowflake,1,1,https://quickstarts.snowflake.com/guide/getting_started_with_snowsql/index.html?index=..%2F..index,,,,,,,,,,,,,
reach_and_frequency_queries,1,1,https://quickstarts.snowflake.com/guide/build_an_ad_tag_in_python_on_aws/index.html,,,,,,,,,,,,,
redpanda-connect-ingestion-with-snowpipe-streaming,1,1,https://quickstarts.snowflake.com/,,,,,,,,,,,,,
retail_snowflake_intelligence,1,1,https://quickstarts.snowflake.com/,,,,,,,,,,,,,
sap_accounts_receivable_to_snowflake_using_adf,1,2,https://quickstarts.snowflake.com/guide/data_teams_with_dbt_core/index.html,https://quickstarts.snowflake.com/guide/getting_started_with_snowflake/index.html#0,,,,,,,,,,,,
scale-embeddings-with-snowflake-notebooks-on-container-runtime,1,5,https://quickstarts.snowflake.com/guide/defect_detection_using_distributed_pyTorch_with_snowflake_notebooks/index.html?index=..%2F..index#0,https://quickstarts.snowflake.com/guide/getting-started-with-running-distributed-pytorch-models-on-snowflake/#0,https://quickstarts.snowflake.com/guide/notebook-container-runtime/index.html#0,https://quickstarts.snowflake.com/guide/scale-embeddings-with-snowflake-notebooks-on-container-runtime/img/d7e8912c0a95ae06.png?_ga=2.243977933.970314110.1758562613-1806211272.1741193538&_gac=1.82971236.1758675992.CjwKCAjwisnGBhAXEiwA0zEOR1sIXOVV_EsVJWwLfve5dvv0oNT7nVRSlx19ZM16B3Kj1k4neCKwLxoCf70QAvD_BwE,,,,,,,,,,
seamless_ml_workflows_with_snowpark_and_deepnote,1,3,https://quickstarts.snowflake.com/guide/exploratory_data_analysis_with_snowflake_and_deepnote/#0,,,,,,,,,,,,,
setting_up_snowflake_environments_in_vertex_ai,1,5,https://quickstarts.snowflake.com/guide/customer_insights_analyzer_using_vertex_ai_and_snowflake/index.html?index=..%2F..index#0,https://quickstarts.snowflake.com/guide/getting_started_with_snowflake/index.html#0,https://quickstarts.snowflake.com/guide/getting_started_with_snowpark_for_machine_learning_on_vertexai/index.html?index=..%2F..index#0,,,,,,,,,,,
snowflake_build_secure_multitenant_data_applications_snowflake_sigma,1,1,https://quickstarts.snowflake.com/guide/tasty_bytes_introduction/index.html?index=..%2F..index#0,,,,,,,,,,,,,
snowpark_python_top_three_tips_for_optimal_performance,1,6,https://quickstarts.snowflake.com/guide/data_engineering_pipelines_with_snowpark_python/index.html,https://quickstarts.snowflake.com/guide/getting_started_snowpark_machine_learning/index.html,https://quickstarts.snowflake.com/guide/getting_started_with_dataengineering_ml_using_snowpark_python/index.html#0,https://quickstarts.snowflake.com/guide/snowpark_python_top_three_tips_for_optimal_performance/index.html?index=..%2F..index#2,https://quickstarts.snowflake.com/guide/snowpark_python_top_three_tips_for_optimal_performance/index.html?index=..%2F..index#4,https://quickstarts.snowflake.com/guide/snowpark_python_top_three_tips_for_optimal_performance/index.html?index=..%2F..index#6,,,,,,,,
snowpark_python_top_tips_for_optimal_performance,1,3,https://quickstarts.snowflake.com/guide/data_engineering_pipelines_with_snowpark_python/index.html,https://quickstarts.snowflake.com/guide/getting_started_snowpark_machine_learning/index.html,https://quickstarts.snowflake.com/guide/getting_started_with_dataengineering_ml_using_snowpark_python/index.html#0,,,,,,,,,,,
streamline_healthcare_cdc_ddb_and_openflow,1,1,https://quickstarts.snowflake.com/guide/getting_started_with_Openflow_spcs/index.html?index=..%2F..index#0,,,,,,,,,,,,,
tasty_bytes_customer_experience_app,1,4,https://quickstarts.snowflake.com/guide/tasty_bytes_customer_experience_app/index.html?index=..%2F..index,https://quickstarts.snowflake.com/guide/tasty_bytes_customer_support_email_app/index.html?index=..%2F..index#0,https://quickstarts.snowflake.com/guide/tasty_bytes_extracting_insights_with_docai/index.html?index=..%2F..index#0,,,,,,,,,,,
tasty_bytes_customer_support_email_app,1,5,https://quickstarts.snowflake.com/guide/tasty_bytes_customer_experience_app/index.html?index=..%2F..index,https://quickstarts.snowflake.com/guide/tasty_bytes_rag_chatbot_using_cortex_and_streamlit/index.html?index=..%2F..index,,,,,,,,,,,,
tasty_bytes_enhancing_customer_experiences_using_cortex_finetuning,1,4,https://quickstarts.snowflake.com/guide/build_rag_based_equipment_maintenance_app_using_snowflake_cortex/index.html?index=..%2F..index#0,https://quickstarts.snowflake.com/guide/customer_reviews_analytics_using_snowflake_cortex/index.html?index=..%2F..index#0,https://quickstarts.snowflake.com/guide/tasty_bytes_customer_experience_app/index.html?index=..%2F..index#0,https://quickstarts.snowflake.com/guide/tasty_bytes_customer_support_email_app/index.html?index=..%2F..index#0,,,,,,,,,,
tasty_bytes_extracting_insights_with_docai,1,1,https://quickstarts.snowflake.com/guide/tasty_bytes_introduction/index.html#3,,,,,,,,,,,,,
tasty_bytes_introduction,1,14,https://quickstarts.snowflake.com/guide/customer_reviews_analytics_using_snowflake_cortex/index.html?index=..%2F..index,https://quickstarts.snowflake.com/guide/developing-react-native-applications-using-hybrid-tables-sql-alchemy-flask/index.html?index=..%2F..index,https://quickstarts.snowflake.com/guide/developing_tasty_bytes_react_native_application_with_snowflake_sql_api/index.html?index=..%2F..index,https://quickstarts.snowflake.com/guide/integrating_tasty_bytes_location_recommendation_ml_model_into_the_react_native_data_app/index.html?index=..%2F..index,https://quickstarts.snowflake.com/guide/tasty_bytes_extracting_insights_with_docai/index.html?index=..%2F..index,https://quickstarts.snowflake.com/guide/tasty_bytes_introduction/index.html#3,https://quickstarts.snowflake.com/guide/tasty_bytes_snowpark_101_for_data_science/index.html?index=..%2F..index,https://quickstarts.snowflake.com/guide/tasty_bytes_working_with_iceberg_tables/index.html?index=..%2F..index,https://quickstarts.snowflake.com/guide/tasty_bytes_zero_to_snowflake_collaboration/index.html?index=..%2F..index,https://quickstarts.snowflake.com/guide/tasty_bytes_zero_to_snowflake_cost_management/index.html?index=..%2F..index,https://quickstarts.snowflake.com/guide/tasty_bytes_zero_to_snowflake_geospatial/index.html?index=..%2F..index,https://quickstarts.snowflake.com/guide/tasty_bytes_zero_to_snowflake_governance_with_horizon/index.html?index=..%2F..index,https://quickstarts.snowflake.com/guide/tasty_bytes_zero_to_snowflake_semi_structured_data/index.html?index=..%2F..index,https://quickstarts.snowflake.com/guide/tasty_bytes_zero_to_snowflake_transformation/index.html?index=..%2F..index
tasty_bytes_introduction_es,1,1,https://quickstarts.snowflake.com/guide/tasty_bytes_zero_to_snowflake_geospatial/,,,,,,,,,,,,,
tasty_bytes_introduction_fr,1,4,https://quickstarts.snowflake.com/guide/tasty_bytes_introduction_fr/#3,https://quickstarts.snowflake.com/guide/tasty_bytes_zero_to_snowflake_cost_management/#0,https://quickstarts.snowflake.com/guide/tasty_bytes_zero_to_snowflake_geospatial/,https://quickstarts.snowflake.com/guide/tasty_bytes_zero_to_snowflake_governance_with_horizon/#0,,,,,,,,,,
tasty_bytes_introduction_it,1,4,https://quickstarts.snowflake.com/guide/tasty_bytes_introduction_it/index.html#3,https://quickstarts.snowflake.com/guide/tasty_bytes_zero_to_snowflake_data_governance/,https://quickstarts.snowflake.com/guide/tasty_bytes_zero_to_snowflake_financial_governance/,https://quickstarts.snowflake.com/guide/tasty_bytes_zero_to_snowflake_geospatial/,,,,,,,,,,
tasty_bytes_introduction_ja,1,2,https://quickstarts.snowflake.com/guide/tasty_bytes_zero_to_snowflake_cost_management/,https://quickstarts.snowflake.com/guide/tasty_bytes_zero_to_snowflake_geospatial/,,,,,,,,,,,,
tasty_bytes_introduction_kr,1,3,https://quickstarts.snowflake.com/guide/tasty_bytes_zero_to_snowflake_data_governance/,https://quickstarts.snowflake.com/guide/tasty_bytes_zero_to_snowflake_financial_governance/,https://quickstarts.snowflake.com/guide/tasty_bytes_zero_to_snowflake_geospatial/,,,,,,,,,,,
tasty_bytes_introduction_ptbr,1,3,https://quickstarts.snowflake.com/guide/tasty_bytes_zero_to_snowflake_data_governance/,https://quickstarts.snowflake.com/guide/tasty_bytes_zero_to_snowflake_financial_governance/,https://quickstarts.snowflake.com/guide/tasty_bytes_zero_to_snowflake_geospatial/,,,,,,,,,,,
tasty_bytes_snowpark_101_for_data_science,1,1,https://quickstarts.snowflake.com/guide/tasty_bytes_introduction/index.html#3,,,,,,,,,,,,,
tasty_bytes_snowpark_101_for_data_science_ja,1,1,https://quickstarts.snowflake.com/guide/tasty_bytes_introduction/index.html#3,,,,,,,,,,,,,
tasty_bytes_zero_to_snowflake_collaboration,1,2,https://quickstarts.snowflake.com/guide/tasty_bytes_introduction/index.html,https://quickstarts.snowflake.com/guide/tasty_bytes_introduction/index.html#3,,,,,,,,,,,,
tasty_bytes_zero_to_snowflake_collaboration_es,1,1,https://quickstarts.snowflake.com/guide/tasty_bytes_introduction/index.html,,,,,,,,,,,,,
tasty_bytes_zero_to_snowflake_collaboration_ja,1,2,https://quickstarts.snowflake.com/guide/tasty_bytes_introduction_ja/index.html,https://quickstarts.snowflake.com/guide/tasty_bytes_introduction_ja/index.html#3,,,,,,,,,,,,
tasty_bytes_zero_to_snowflake_cost_management,1,2,https://quickstarts.snowflake.com/guide/tasty_bytes_introduction/index.html,https://quickstarts.snowflake.com/guide/tasty_bytes_introduction/index.html#3,,,,,,,,,,,,
tasty_bytes_zero_to_snowflake_geospatial,1,2,https://quickstarts.snowflake.com/guide/tasty_bytes_introduction/index.html,https://quickstarts.snowflake.com/guide/tasty_bytes_introduction/index.html#3,,,,,,,,,,,,
tasty_bytes_zero_to_snowflake_governance_with_horizon,1,2,https://quickstarts.snowflake.com/guide/tasty_bytes_introduction/index.html,https://quickstarts.snowflake.com/guide/tasty_bytes_introduction/index.html#3,,,,,,,,,,,,
tasty_bytes_zero_to_snowflake_semi_structured_data,1,2,https://quickstarts.snowflake.com/guide/tasty_bytes_introduction/index.html,https://quickstarts.snowflake.com/guide/tasty_bytes_introduction/index.html#3,,,,,,,,,,,,
tasty_bytes_zero_to_snowflake_semi_structured_data_fr,1,1,https://quickstarts.snowflake.com/guide/tasty_bytes_introduction_fr/index.html,,,,,,,,,,,,,
tasty_bytes_zero_to_snowflake_semi_structured_data_ja,1,2,https://quickstarts.snowflake.com/guide/tasty_bytes_introduction_ja/index.html,https://quickstarts.snowflake.com/guide/tasty_bytes_introduction_ja/index.html#3,,,,,,,,,,,,
tasty_bytes_zero_to_snowflake_transformation,1,2,https://quickstarts.snowflake.com/guide/tasty_bytes_introduction/index.html,https://quickstarts.snowflake.com/guide/tasty_bytes_introduction/index.html#3,,,,,,,,,,,,
tasty_bytes_zero_to_snowflake_transformation_ja,1,2,https://quickstarts.snowflake.com/guide/tasty_bytes_introduction_ja/index.html,https://quickstarts.snowflake.com/guide/tasty_bytes_introduction_ja/index.html#3,,,,,,,,,,,,
tasty_bytes_zero_to_snowflake_transformation_ptbr,1,1,https://quickstarts.snowflake.com/guide/tasty_bytes_introduction/index.html,,,,,,,,,,,,,
tasty_bytes_zero_to_spcs_app,1,6,https://quickstarts.snowflake.com/guide/build_a_data_app_with_snowflake,https://quickstarts.snowflake.com/guide/build_a_data_app_with_snowflake/#2,,,,,,,,,,,,
text_embedding_as_snowpark_python_udf,1,1,https://quickstarts.snowflake.com/guide/getting_started_with_dataengineering_ml_using_snowpark_python/index.html#0,,,,,,,,,,,,,
the_modern_lakehouse_analytics_blueprint,1,2,https://quickstarts.snowflake.com/guide/getting-started-with-snowflake-intelligence/index.html?index=..%2F..index#0,https://quickstarts.snowflake.com/guide/modern_lakehouse_analytics_on_snowflake/img/a2adb3f9c152831d.png,,,,,,,,,,,,
tidymodel-prediction-workflows-inside-snowflake-with-orbital,1,1,https://quickstarts.snowflake.com/guide/analyze_data_with_r_using_posit_workbench_and_snowflake/#0,,,,,,,,,,,,,
train-xgboost-with-gpus,1,5,https://quickstarts.snowflake.com/guide/defect_detection_using_distributed_pyTorch_with_snowflake_notebooks,https://quickstarts.snowflake.com/guide/getting-started-with-running-distributed-pytorch-models-on-snowflake/,https://quickstarts.snowflake.com/guide/notebook-container-runtime/,https://quickstarts.snowflake.com/guide/notebook-container-runtime/index.html#0,https://quickstarts.snowflake.com/guide/scale-embeddings-with-snowflake-notebooks-on-container-runtime,,,,,,,,,
using_snowflake_and_azure_openai_for_a_rag_workflow,1,1,https://quickstarts.snowflake.com/guide/getting_started_with_snowflake/index.html#0,,,,,,,,,,,,,
using_snowflake_cortex_and_streamlit_with_geospatial_data,1,2,https://quickstarts.snowflake.com/guide/asking_questions_to_your_own_documents_with_snowflake_cortex/index.html#0,https://quickstarts.snowflake.com/guide/geo-for-machine-learning/index.html?index=..%2F..index#0,,,,,,,,,,,,
vhol_snowpipe_streaming_msk,1,1,https://quickstarts.snowflake.com/,,,,,,,,,,,,,
well-architected-framework-performance,1,1,https://quickstarts.snowflake.com/guide/getting_started_with_snowflake_cluster_key_selection/index.html?index=..%2F..index#0,,,,,,,,,,,,,
zero_to_snowflake,1,5,https://quickstarts.snowflake.com/guide/zero_to_snowflake/index.html?index=..%2F..index#18,https://quickstarts.snowflake.com/guide/zero_to_snowflake/index.html?index=..%2F..index#19,https://quickstarts.snowflake.com/guide/zero_to_snowflake/index.html?index=..%2F..index#28,,,,,,,,,,,
