path,id_in_file,language_in_file,expected_language,match
site/sfguides/src/hex_snowflake_ml_functions/snowflake_ml_functions.md,building_ml_models_in_minutes_with_hex_and_snowflake_ml_functions,en,en,yes
site/sfguides/src/ask-questions-to-your-documents-using-rag-with-snowflake-cortex/ask-questions-to-your-documents-using-rag-with-snowflake-cortex.md,asking_questions_to_your_own_documents_with_snowflake_cortex,en,en,yes
site/sfguides/src/h2o/h2o.md,automl_with_snowflake_and_h2o,en,en,yes
site/sfguides/src/tasty_bytes_zero_to_snowflake_governance_with_horizon/tb_zts_governance_with_horizon.md,tasty_bytes_zero_to_snowflake_governance_with_horizon,en,en,yes
site/sfguides/src/data_engineering_pipelines_with_snowpark_python/data_engineering_pipelines_with_snowpark_python.md,data_engineering_pipelines_with_snowpark_python,en,en,yes
site/sfguides/src/medical_images_classification_using_pytorch/medical_images_classification_using_pytorch.md,medical_images_classification_using_pytorch,en,en,yes
site/sfguides/src/getting_started_cost_performance_optimization/getting_started_cost_performance_optimization.md,getting_started_cost_performance_optimization,en,en,yes
site/sfguides/src/call_centre_analytics_with_snowflake_cortex_and_spcs/call_centre_analytics_with_snowflake_cortex_and_spcs.md,call_centre_analytics_with_snowflake_cortex_and_spcs,en,en,yes
site/sfguides/src/getting_started_with_Iceberg_in_OneLake/getting_started_with_iceberg_in_oneLake.md,getting_started_with_iceberg_in_oneLake,en,en,yes
site/sfguides/src/getting_started_with_dataengineering_ml_using_snowpark_python_ptbr/getting_started_with_dataengineering_ml_using_snowpark_python_ptbr.md,getting_started_with_dataengineering_ml_using_snowpark_python_ptr,en,en,yes
site/sfguides/src/orchestrate-llm-evaluations-with-evalanche/orchestrate-llm-evaluations-with-evalanche.md,orchestrate-llm-evaluations-with-evalanche,en,en,yes
site/sfguides/src/getting_started_with_unstructured_data/getting_started_with_unstructured_data.md,getting_started_with_unstructured_data,en,en,yes
site/sfguides/src/building-cortex-aisql-powered-callcentre-analytics/building_cortex_aisql_powered_call_centre_analytics.md,building-cortex-aisql-powered-call-centre-analytics,en,en,yes
site/sfguides/src/customer_reviews_analytics_using_snowflake_cortex/customer_reviews_analytics_using_snowflake_cortex.md,customer_reviews_analytics_using_snowflake_cortex,en,en,yes
site/sfguides/src/snowflake_build_secure_multitenant_data_applications_snowflake_sigma/snowflake_build_secure_multitenant_data_applications_snowflake_sigma.md,snowflake_build_secure_multitenant_data_applications_snowflake_sigma,en,en,yes
site/sfguides/src/tasty_bytes_introduction_ptbr/tasty_bytes_introduction_ptbr.md,tasty_bytes_introduction_ptbr,pt_br,pt_br,yes
site/sfguides/src/getting_started_with_snowpark_for_machine_learning_on_sagemaker/getting_started_with_snowpark_for_machine_learning_on_sagemaker.md,getting_started_with_snowpark_for_machine_learning_on_sagemaker,en,en,yes
site/sfguides/src/getting_started_with_tempo_and_snowflake/getting_started_with_tempo_and_snowflake.md,getting_started_with_tempo_and_snowflake,en,en,yes
site/sfguides/src/getting_started_external_functions_gcc/getting_started_external_functions_gcc.md,getting_started_external_functions_gcc,en,en,yes
site/sfguides/src/scheduled-query-report/scheduled-query-report.md,scheduled-query-report,en,en,yes
site/sfguides/src/intra_company_data_sharing_with_the_snowflake_internal_marketplace/intra_company_data_sharing_with_the_snowflake_internal_marketplace.md,internal_marketplace_intra_org_sharing,en,en,yes
site/sfguides/src/getting_started_with_snowpark/getting_started_with_snowpark.md,getting_started_with_snowpark_scala,en,en,yes
site/sfguides/src/extract_attributes_dicom_files_java_udf/extract_attributes_dicom_files_java_udf.md,extract_attributes_dicom_files_java_udf,en,en,yes
site/sfguides/src/vhol_iceberg_snowflake_open_catalog/vhol_iceberg_snowflake_open_catalog.md,hands-on_with_apache_iceberg_and_snowflake_open_catalog,en,en,yes
site/sfguides/src/getting_started_with_azure_data_factory_and_snowflake/getting_started_with_azure_data_factory_and_snowflake.md,getting_started_with_azure_data_factory_and_snowflake,en,en,yes
site/sfguides/src/getting-started-with-cortex-aisql/getting-started-with-cortex-aisql.md,getting-started-with-cortex-aisql,en,en,yes
site/sfguides/src/braze-email-engagement-analytics-cortex/braze-email-engagement-analytics-cortex.md,braze-email-engagement-analytics-cortex,en,en,yes
site/sfguides/src/data_app/data_app.md,data_app,en,en,yes
site/sfguides/src/tasty_bytes_zero_to_snowflake_collaboration_ptbr/tb_zts_collaboration_ptbr.md,tasty_bytes_zero_to_snowflake_collaboration_ptbr,pt_br,pt_br,yes
site/sfguides/src/data_teams_with_dbt_cloud/data_teams_with_dbt_cloud.md,data_teams_with_dbt_cloud,en,en,yes
site/sfguides/src/getting_started_with_generative_ai_snowflake_external_functions/getting_started_with_generative_ai_snowflake_external_functions.md,getting_started_with_generative_ai_snowflake_external_functions,en,en,yes
site/sfguides/src/altr_get_started/altr_get_started.md,altr_get_started,en,en,yes
site/sfguides/src/machine_learning_with_apache_airflow_and_snowpark/machine_learning_with_apache_airflow_and_snowpark.md,ml_with_snowpark_and_apache_airflow,en,en,yes
site/sfguides/src/vhol_snowpipe_streaming_msk/vhol_snowflake_snowpipe_streaming_msk.md,vhol_snowpipe_streaming_msk,en,en,yes
site/sfguides/src/getting_started_with_distributed_multi_node_multi_gpu_audio_transcription_with_snowflake_ml_container_runtime/getting_started_with_distributed_multi_node_multi_gpu_audio_transcription_with_snowflake_ml_container_runtime.md,getting_started_with_distributed_multi_node_multi_gpu_audio_transcription_with_snowflake_ml_container_runtime,en,en,yes
site/sfguides/src/analyzing_real_estate_properties_with_streamlit/analyzing_real_estate_properties_with_streamlit.md,analyzing_real_estate_properties_with_streamlit,en,en,yes
site/sfguides/src/improving_ad_performance_capi_hightouch/improving_ad_performance_capi_hightouch.md,improving_ad_performance_capi_hightouch,en,en,yes
site/sfguides/src/build_collaborative_large_language_vision_models_to_detect_pnemonia_with_landingai_and_snowflake/build_collaborative_large_language_vision_models_to_detect_pnemonia_with_landingai_and_snowflake.md,build_collaborative_large_language_vision_models_to_detect_pnemonia_with_landingai_and_snowflake,en,en,yes
site/sfguides/src/getting_started_with_cortex_analyst/getting_started_with_cortex_analyst.md,getting_started_with_cortex_analyst,en,en,yes
site/sfguides/src/ai_agent_health_payers_cc/ai_agent_health_payers_cc.md,ai_agent_health_payers_cc,en,en,yes
site/sfguides/src/end_to_end_machine_learning_with_dataiku/end_to_end_machine_learning_with_dataiku.md,end_to_end_machine_learning_with_dataiku,en,en,yes
site/sfguides/src/getting_started_with_traces/getting_started_with_traces.md,getting_started_with_traces,en,en,yes
site/sfguides/src/orchestration-framework-running-multiple-containerized-jobs-parallel/orchestration-framework-running-multiple-containerized-jobs-parallel.md,orchestration-framework-running-multiple-containerized-jobs-parallel,en,en,yes
site/sfguides/src/snow_bear/snow_bear_leveraging_cortex_for_advanced_analytics.md,snow_bear_leveraging_cortex_for_advanced_analytics,en,en,yes
site/sfguides/src/build_2021_journey_to_processing_pii/build_2021_journey_to_processing_pii.md,getting_started_with_pii,en,en,yes
site/sfguides/src/streamnative_snowflake_open_catalog_integration/streamnative_snowflake_open_catalog_integration.md,streamnative_snowflake_open_catalog_integration,en,en,yes
site/sfguides/src/getting_started_with_pandas_on_snowflake/getting_started_with_pandas_on_snowflake.md,getting_started_with_pandas_on_snowflake,en,en,yes
site/sfguides/src/tasty_bytes_enhancing_customer_experiences_using_cortex_finetuning/tasty_bytes_enhancing_customer_experiences_using_cortex_finetuning.md,Enhancing_Customer_Experiences_using_Cortex_FineTuning,en,en,yes
site/sfguides/src/modern_data_stack_with_fivetran_snowflake_salesforce/modern_data_stack_with_fivetran_snowflake_salesforce.md,modern_data_stack_with_fivetran_snowflake_salesforce,en,en,yes
site/sfguides/src/build-a-visual-idea-generator-with-text-to-image-models/build-a-visual-idea-generator-with-text-to-image-models.md,build-a-visual-idea-generator-with-text-to-image-models,en,en,yes
site/sfguides/src/getting-started-with-synthetic-data-and-distillation-for-llms/getting_started_with_synthetic_data_and_distillation_for_llms.md,getting_started_with_synthetic_data_and_distillation_for_llms,en,en,yes
site/sfguides/src/build_rag_based_blog_ai_assistant_using_streamlit_openai_and_llamaindex/build_rag_based_blog_ai_assistant_using_streamlit_openai_and_llamaindex.md,build_rag_based_blog_ai_assistant_using_streamlit_openai_and_llamaindex,en,en,yes
site/sfguides/src/getting_started_with_cortex_search_and_microsoft_fabric/getting_started_with_cortex_search_and_microsoft_fabric.md,getting_started_with_cortex_search_and_microsoft_fabric,en,en,yes
site/sfguides/src/setting-up-leads-notifications-in-slack/setting-up-leads-notifications-in-slack.md,setting-up-leads-notifications-in-slack,en,en,yes
site/sfguides/src/build-unified-customer-360-using-amperity/build-unified-customer-360-using-amperity.md,build-unified-customer-360-using-amperity,en,en,yes
site/sfguides/src/security_analytics_with_wiz_and_snowflake/security_analytics_with_wiz_and_snowflake.md,security_analytics_with_wiz_and_snowflake,en,en,yes
site/sfguides/src/resource_optimization_performance_optimization/resource_optimization_performance_optimization.md,resource_optimization_performance_optimization,en,en,yes
site/sfguides/src/getting_started_with_cybersyn_financial_and_economic_essentials_app/getting_started_with_cybersyn_financial_and_economic_essentials_app.md,getting_started_with_cybersyn_financial_and_economic_essentials_app,en,en,yes
site/sfguides/src/tasty_bytes_zero_to_snowflake_collaboration_it/tb_zts_collaboration_it.md,tasty_bytes_zero_to_snowflake_collaboration_it,it,it,yes
site/sfguides/src/a_faster_path_to_operational_ai_with_continual_and_snowflake/a_faster_path_to_operational_ai_with_continual_and_snowflake.md,A Faster Path to Operational AI with Continual and Snowflake,en,en,yes
site/sfguides/src/visual_data_stories_with_snowflake_notebooks/visual_data_stories_with_snowflake_notebooks.md,visual_data_stories_with_snowflake_notebooks,en,en,yes
site/sfguides/src/suppress_existing_customers_from_youtube_campaign_with_hightouch_and_snowflake/suppress_existing_customers_from_youtube_campaign_with_hightouch_and_snowflake.md,suppress_existing_customers_from_youtube_campaign_with_hightouch_and_snowflake,en,en,yes
site/sfguides/src/movie_recommendation_chatbot_powered_by_kumo/movie_recommendation_chatbot_powered_by_kumo.md,movie_recommendation_chatbot_powered_by_kumo,en,en,yes
site/sfguides/src/table-size-growth/table-size-growth.md,table-size-growth,en,en,yes
site/sfguides/src/tasty_bytes_rag_chatbot_using_cortex_and_streamlit/tasty_bytes_rag_chatbot_using_cortex_and_streamlit.md,tasty_bytes_rag_chatbot_using_cortex_and_streamlit,en,en,yes
site/sfguides/src/java_trace_events/java_trace_events.md,java_trace_events,en,en,yes
site/sfguides/src/using_snowflake_cortex_and_streamlit_with_geospatial_data/using_snowflake_cortex_and_streamlit_with_geospatial_data.md,using_snowflake_cortex_and_streamlit_with_geospatial_data,en,en,yes
site/sfguides/src/terraforming_snowflake/terraforming_snowflake.md,terraforming_snowflake,en,en,yes
site/sfguides/src/credit-card-fraud-detection-using-snowflake-ml/credit-card-fraud-detection-using-snowflake-ml.md,credit-card-fraud-detection-using-snowflake-ml,en,en,yes
site/sfguides/src/data-lake-using-apache-iceberg-with-snowflake-and-aws-glue/data_lake_using_apache_iceberg_with_snowflake_and_aws_glue.md,data_lake_using_apache_iceberg_with_snowflake_and_aws_glue,en,en,yes
site/sfguides/src/build_rag_based_equipment_maintenance_app_using_snowflake_cortex/build_rag_based_equipment_maintenance_app_using_snowflake_cortex.md,build_rag_based_equipment_maintenance_app_using_snowflake_cortex,en,en,yes
site/sfguides/src/getting-started-with-snowflake-intelligence-and-cke/getting-started-with-snowflake-intelligence-and-cke.md,getting-started-with-snowflake-intelligence-and-cke,en,en,yes
site/sfguides/src/getting_started_with_e2e_customer_targeting_with_snowflake_ml/getting_started_with_e2e_customer_targeting_with_snowflake_ml.md,getting-started-with-e2e-customer-targeting-with-snowflake-ml,en,en,yes
site/sfguides/src/integrating_tasty_bytes_location_recommendation_ml_model_into_the_react_native_data_app_ja/integrating_tasty_bytes_location_recommendation_ml_model_into_the_react_native_data_app_ja.md,integrating_tasty_bytes_location_recommendation_ml_model_into_the_react_native_data_app_ja,jp,jp,yes
site/sfguides/src/getting_started_with_sigma/getting_started_with_sigma.md,getting_started_with_sigma,en,en,yes
site/sfguides/src/tasty_bytes_native_app/tasty_bytes_native_app.md,tasty_bytes_native_app,en,en,yes
site/sfguides/src/tasty_bytes_zero_to_spcs_app/tasty_bytes_zero_to_spcs_app.md,build_a_data_app_and_run_it_on_Snowpark_container_services,en,en,yes
site/sfguides/src/getting_started_with_snowflake_it/getting_started_with_snowflake_it.md,getting_started_with_snowflake_it,it,it,yes
site/sfguides/src/question_answering_on_kg_using_relationalai_and_snowflake/question_answering_on_kg.md,kgqa_using_relationalai,en,en,yes
site/sfguides/src/tasty_bytes_zero_to_snowflake_geospatial/tb_zts_geospatial.md,tasty_bytes_zero_to_snowflake_geospatial,en,en,yes
site/sfguides/src/geo_analysis_retail/geo_analysis_retail.md,geospatial_analytics_with_snowflake_and_carto_ny,en,en,yes
site/sfguides/src/build-agentic-application-in-snowflake/build-agentic-application-in-snowflake.md,build-agentic-application-in-snowflake,en,en,yes
site/sfguides/src/secure_your_organization_with_security_analytics_using_snowflake_and_sigma/secure_your_organization_with_security_analytics_using_snowflake_and_sigma.md,secure_your_organization_with_security_analytics_using_snowflake_and_sigma,en,en,yes
site/sfguides/src/vpc_flow_log_ingestion/vpc_flow_log_ingestion.md,vpc_flow_log_ingestion,en,en,yes
site/sfguides/src/tasty_bytes_snowpark_101_for_data_science_it/tasty_bytes_snowpark_101_for_data_science_it.md,tasty_bytes_snowpark_101_for_data_science_it,en,en,yes
site/sfguides/src/machine_learning_with_snowpark_python/machine_learning_with_snowpark_python.md,machine_learning_with_snowpark_python,en,en,yes
site/sfguides/src/data_mapping_in_native_apps/data_mapping_in_native_apps.md,data_mapping_in_native_apps,en,en,yes
site/sfguides/src/tasty_bytes_introduction_kr/tasty_bytes_introduction_kr.md,tasty_bytes_introduction_kr,en,en,yes
site/sfguides/src/xml-processing-snowpark/xml-processing-snowpark.md,xml-processing-snowpark,en,en,yes
site/sfguides/src/prompt_engineering_and_llm_evaluation/prompt_engineering_and_llm_evaluation.md,prompt_engineering_and_llm_evaluation,en,en,yes
site/sfguides/src/hex/hex_vhol.md,hex,en,en,yes
"site/sfguides/src/compare_google,_bing,_facebook,_linkedin,_and_x_ads_campaigns_with_snowflake_and_rivery/compare_google,_bing,_facebook,_linkedin,_and_x_ads_campaigns_with_snowflake_and_rivery.md","compare_google,_bing,_facebook,_linkedin,_and_x_ads_campaigns_with_snowflake_and_rivery",en,en,yes
site/sfguides/src/predict_ad_impressions_with_ml_powered_analysis/predict_ad_impressions_with_ml_powered_analysis.md,predict_ad_impressions_with_ml_powered_analysis,en,en,yes
site/sfguides/src/snowpark_python_top_tips_for_optimal_performance/snowpark_python_top_tips_for_optimal_performance.md,snowpark_python_top_tips_for_optimal_performance,en,en,yes
site/sfguides/src/data_science_with_dataiku/data_science_with_dataiku.md,data_science_with_dataiku,en,en,yes
site/sfguides/src/getting_started_with_snowflake_arctic/getting_started_with_snowflake_arctic.md,getting_started_with_snowflake_arctic,en,en,yes
site/sfguides/src/devops_dcm_schemachange_azure_devops/devops_dcm_schemachange_azure_devops.md,devops_dcm_schemachange_azure_devops,en,en,yes
site/sfguides/src/test/test.md,SFGUIDE-NAME,,,no-id
site/sfguides/src/from-clicks-to-cortex-build-ai-ready-data-pipelines-on-snowflake-in-a-snap/from-clicks-to-cortex-build-ai-ready-data-pipelines-on-snowflake-in-a-snap.md,from-clicks-to-cortex-build-ai-ready-data-pipelines-with-coalesce-on-snowflake-in-a-snap,en,en,yes
site/sfguides/src/root-cause-analysis-for-vehicle-product-quality-with-snowflake/root-cause-analysis-for-vehicle-product-quality-with-snowflake.md,root-cause-analysis-for-vehicle-product-quality-with-snowflake,en,en,yes
site/sfguides/src/compare_and_evaluate_chunking_strategies/compare_and_evaluate_chunking_strategies.md,compare-and-evaluate-chunking-strategies,en,en,yes
site/sfguides/src/snowflake_personalization_api/snowflake_personalization_api.md,snowflake_personalization_api,en,en,yes
site/sfguides/src/tasty_bytes_zero_to_snowflake_transformation_es/tb_zts_transformation_es.md,tasty_bytes_zero_to_snowflake_transformation_es,es,es,yes
site/sfguides/src/tasty_bytes_snowpark_101_for_data_science_ja/tasty_bytes_snowpark_101_for_data_science_ja.md,tasty_bytes_snowpark_101_for_data_science_ja,jp,jp,yes
site/sfguides/src/automated-query-performance-insights/automated-query-performance-insights.md,automated-query-performance-insights,en,en,yes
site/sfguides/src/operationalizing_ai_with_snowflake_and_datarobot/operationalizing_ai_with_snowflake_and_datarobot.md,operationalizing_ai_with_snowflake_and_datarobot,en,en,yes
site/sfguides/src/integrate_cortex_agents_with_microsoft_teams/integrate_cortex_agents_with_microsoft_teams.md,integrate_snowflake_cortex_agents_with_microsoft_teams,en,en,yes
site/sfguides/src/autogen_faqs_for_customer_support_snowflake_cortex/autogen_faqs_for_customer_support_snowflake_cortex.md,autogen-faqs-for-customer-support-snowflake-cortex,en,en,yes
site/sfguides/src/train-xgboost-with-gpus/train-xgboost-with-gpus.md,train-an-xgboost-model-with-gpus-using-snowflake-notebooks,en,en,yes
site/sfguides/src/processing_hl7_fhir_messages_with_snowflake/processing_hl7_fhir_messages_with_snowflake.md,processing_hl7_fhir_messages_with_snowflake,en,en,yes
site/sfguides/src/getting_started_with_snowflake_ja/getting_started_with_snowflake_ja.md,getting_started_with_snowflake_ja,jp,jp,yes
site/sfguides/src/getting_started_with_snowpark_python_scikit/getting_started_with_snowpark_python_scikit.md,getting_started_with_snowpark_python_scikit,en,en,yes
site/sfguides/src/connectors_github_python/github_python_connector.md,connectors_github_python,en,en,yes
site/sfguides/src/neo4j-patient-journey/neo4j-patient-journey.md,finding-similar-patients,en,en,yes
site/sfguides/src/integrating_tasty_bytes_location_recommendation_ml_model_into_the_react_native_data_app_it/integrating_tasty_bytes_location_recommendation_ml_model_into_the_react_native_data_app_it.md,integrating_tasty_bytes_location_recommendation_ml_model_into_the_react_native_data_app_it,it,it,yes
site/sfguides/src/getting-started-with-feature-store/getting-started-with-feature-store.md,intro-to-feature-store,en,en,yes
site/sfguides/src/tasty_bytes_zero_to_snowflake_transformation_fr/tb_zts_transformation_fr.md,tasty_bytes_zero_to_snowflake_transformation_fr,fr,fr,yes
site/sfguides/src/getting_started_with_cortex_agents_and_amazon_q/getting_started_with_cortex_agents_and_amazon_q.md,getting_started_with_cortex_agents_and_amazon_q,en,en,yes
site/sfguides/src/build_a_custom_api_in_java_on_aws/build_a_custom_api_in_java_on_aws.md,build_a_custom_api_in_java_on_aws,en,en,yes
site/sfguides/src/recommendation_api/recommendation_api.md,snowflake_recommendation_engine,en,en,yes
site/sfguides/src/connectors_github_java/github_java_connector.md,connectors_github_java,en,en,yes
site/sfguides/src/a_dataiku_and_snowflake_guide_to_data_science/a_dataiku_and_snowflake_guide_to_data_science.md,a_dataiku_and_snowflake_guide_to_data_science,en,en,yes
site/sfguides/src/developing-react-native-applications-using-hybrid-tables-sql-alchemy-flask/developing-react-native-applications-using-hybrid-tables-sql-alchemy-flask.md,developing-react-native-applications-using-hybrid-tables-sql-alchemy-flask,en,en,yes
site/sfguides/src/ask-questions-to-your-documents-using-rag-with-snowflake-cortex-search/ask_questions_to_your_own_documents_with_snowflake_cortex_search.md,ask_questions_to_your_own_documents_with_snowflake_cortex_search,en,en,yes
site/sfguides/src/getting_started_with_python_kr/getting_started_with_python_kr.md,getting_started_with_python_kr,ko,ko,yes
site/sfguides/src/insights-to-action-with-snowflake-and-servicenow/insights-to-action-with-snowflake-and-servicenow.md,insights-to-action-with-snowflake-and-servicenow,en,en,yes
site/sfguides/src/marketing_data_foundation_solution/marketing_data_foundation_solution.md,marketing_data_foundation_starter_v2,en,en,yes
site/sfguides/src/build_a_custom_api_in_python_on_aws/build_a_custom_api_in_python_on_aws.md,build_a_custom_api_in_python_on_aws,en,en,yes
site/sfguides/src/getting_started_datameer/lab_index.md,getting_started_datameer,en,en,yes
site/sfguides/src/data_science_with_dataiku_kr/data_science_with_dataiku_kr.md,data_science_with_dataiku_kr,ko,ko,yes
site/sfguides/src/tasty_bytes_zero_to_snowflake_collaboration_ja/tb_zts_collaboration_ja.md,tasty_bytes_zero_to_snowflake_collaboration_ja,jp,jp,yes
site/sfguides/src/financial-services-asset-management/financial-services-asset-management.md,financial-services-asset-management,en,en,yes
site/sfguides/src/tasty_bytes_zero_to_snowflake_semi_structured_data/tb_zts_semi_structured_data.md,tasty_bytes_zero_to_snowflake_semi_structured_data,en,en,yes
site/sfguides/src/ai_assistant_for_sales_calls/ai_assistant_for_sales_calls.md,ai_assistant_for_sales_calls,en,en,yes
site/sfguides/src/data_apps_summit_lab/data_apps_summit_lab.md,data_apps_summit_lab,en,en,yes
site/sfguides/src/getting_started_with_python/getting_started_with_python.md,getting_started_with_python,en,en,yes
site/sfguides/src/getting_started_with_llm_finetuning_using_cortex_ai/getting_started_with_llm_finetuning_using_cortex_ai.md,finetuning_llm_using_snowflake_cortex_ai,en,en,yes
site/sfguides/src/data_engineering_with_apache_airflow_it/data_engineering_with_apache_airflow_it.md,data_engineering_with_apache_airflow_it,en,en,yes
site/sfguides/src/getting_started_with_snowpark_python_streamlit/getting_started_with_snowpark_for_python_streamlit.md,getting_started_with_snowpark_for_python_streamlit,en,en,yes
site/sfguides/src/tasty_bytes_zero_to_snowflake_semi_structured_data_ja/tb_zts_semi_structured_data_ja.md,tasty_bytes_zero_to_snowflake_semi_structured_data_ja,jp,jp,yes
site/sfguides/src/s_and_p_market_intelligence_analyze_earnings_transcripts_in_cortex_ai/s_and_p_market_intelligence_analyze_earnings_transcripts_in_cortex_ai.md,s_and_p_market_intelligence_analyze_earnings_transcripts_in_cortex_ai,en,en,yes
site/sfguides/src/vhol_salesforce_tcrm/vhol_snowflake_salesforce_tcrm.md,vhol_snowflake_salesforce_tcrm,en,en,yes
site/sfguides/src/tasty_bytes_introduction_es/tasty_bytes_introduction_es.md,tasty_bytes_introduction_es,es,es,yes
site/sfguides/src/alert_on_events/alert_on_events.md,alert_on_events,en,en,yes
site/sfguides/src/build-a-cinebot-with-snowflake-native-apps-and-cortex/build-a-cinebot-with-snowflake-native-apps-and-cortex.md,build-a-cinebot-with-snowflake-native-apps-and-cortex,en,en,yes
site/sfguides/src/resource_optimization_setup_kr/resource_optimization_setup_kr.md,resource_optimization_setup_kr,,,no-id
site/sfguides/src/data_analysis_and_churn_prediction_using_snowflake_notebooks/data_analysis_and_churn_prediction_using_snowflake_notebooks.md,data_analysis_and_churn_prediction_using_snowflake_notebooks,en,en,yes
site/sfguides/src/getting_started_with_snowparkconnect_for_apachespark/Intro to Data Engineering using Python in Snowflake.md,getting_started_with_snowpark_connect_for_apache_spark,en,en,yes
site/sfguides/src/devops_dcm_schemachange_github/devops_dcm_schemachange_github.md,devops_dcm_schemachange_github,en,en,yes
site/sfguides/src/snowflake-semantic-view/snowflake-semantic-view.md,snowflake-semantic-view,en,en,yes
site/sfguides/src/getting_started_with_hybrid_tables/getting_started_with_hybrid_tables.md,getting_started_with_hybrid_tables,en,en,yes
site/sfguides/src/getting_started_keboola/getting_started_keboola.md,getting_started_keboola,en,en,yes
site/sfguides/src/mfa_audit/mfa_audit.md,mfa-audit,en,en,yes
site/sfguides/src/tasty_bytes_introduction_fr/tasty_bytes_introduction_fr.md,tasty_bytes_introduction_fr,fr,fr,yes
site/sfguides/src/a_etl_llm_integration_for_consistent_schema_change_propagation/a_etl_llm_integration_for_consistent_schema_change_propagation.md,schema_lineage_auto_propagation_llm,en,en,yes
site/sfguides/src/tasty_bytes_snowpark_101_for_data_science_ptbr/tasty_bytes_snowpark_101_for_data_science_ptbr.md,tasty_bytes_snowpark_101_for_data_science_ptbr,pt_br,pt_br,yes
site/sfguides/src/data_apps_summit_lab_kr/data_apps_summit_lab_kr.md,data_apps_summit_lab_kr,en,en,yes
site/sfguides/src/getting_started_with_native_apps/getting_started_with_native_apps.md,getting_started_with_native_apps,en,en,yes
site/sfguides/src/getting_started_with_azure_openai_streamlit_and_snowflake_for_image_use_cases/getting_started_with_azure_openai_streamlit_and_snowflake_for_image_use_cases.md,getting_started_with_azure_openai_streamlit_and_snowflake_for_image_use_cases,en,en,yes
site/sfguides/src/getting_started_with_streamlit_in_snowflake/getting_started_with_streamlit_in_snowflake.md,getting_started_with_streamlit_in_snowflake,en,en,yes
site/sfguides/src/interfacing_with_arcgis/interfacing_with_arcgis.md,sf_esri_arcgis_locationservice,en,en,yes
site/sfguides/src/connectors_google_analytics_raw_data/connectors_google_analytics_raw_data.md,connectors_google_analytics_raw_data,en,en,yes
site/sfguides/src/unlock-insights-from-unstructured-data-with-snowflake-cortex-ai/unlock-insights-from-unstructured-data-with-snowflake-cortex-ai.md,unlock_insights_from_unstructured_data_with_snowflake_cortex_ai,en,en,yes
site/sfguides/src/integrating_fluentd_with_snowflake/integrating_fluentd_with_snowflake.md,integrating_fluentd_with_snowflake,en,en,yes
site/sfguides/src/getting_started_with_dataengineering_ml_using_snowpark_python_it/getting_started_with_dataengineering_ml_using_snowpark_python_it.md,getting_started_with_dataengineering_ml_using_snowpark_python_it,en,en,yes
site/sfguides/src/hex_titanic/titanic.md,end_to_end_model_development_with_snowpark_and_hex,en,en,yes
site/sfguides/src/tidymodel-prediction-workflows-inside-snowflake-with-orbital/tidymodel-prediction-workflows-inside-snowflake-with-orbital.md,tidymodel-prediction-workflows-inside-snowflake-with-orbital,en,en,yes
site/sfguides/src/data_engineering_snowpark_streamlit_inegi/data_engineering_snowpark_streamlit_inegi.md,data_engineering_snowpark_streamlit_inegi,en,en,yes
site/sfguides/src/devops_dcm_schemachange_jenkins/devops_dcm_schemachange_jenkins.md,devops_dcm_schemachange_jenkins,en,en,yes
site/sfguides/src/getting-started-with-tool-use-on-cortex-and-anthropic-claude/getting-started-with-tool-use-on-cortex-and-anthropic-claude.md,getting-started-with-tool-use-on-cortex-and-anthropic-claude,en,en,yes
site/sfguides/src/getting_started_thoughtspot_kr/getting_started_thoughtspot_kr.md,getting_started_thoughtspot_kr,ko,ko,yes
site/sfguides/src/getting_started_with_dataengineering_ml_using_snowpark_python_ja/getting_started_with_dataengineering_ml_using_snowpark_python_ja.md,getting_started_with_dataengineering_ml_using_snowpark_python_ja,jp,jp,yes
site/sfguides/src/distributed_training_using_pytorch_object_detection_in_snowflake_notebooks/defect_detection_using_distributed_PyTorch_with_Snowflake_Notebooks.md,defect_detection_using_distributed_pyTorch_with_snowflake_notebooks,en,en,yes
site/sfguides/src/data_collaboration_two_way/data_collaboration_two_way.md,data_collaboration_two_way,en,en,yes
site/sfguides/src/dora/snowflake-auto-grader.md,snowflake-auto-grader,en,en,yes
site/sfguides/src/harness_the_power_of_snowflake_with_informatica_idmc/harness_the_power_of_snowflake_with_informatica_idmc.md,harness_the_power_of_snowflake_with_informatica_idmc,en,en,yes
site/sfguides/src/getting_started_with_snowpark_kr/getting_started_with_snowpark_kr.md,getting_started_with_snowpark_kr,ko,ko,yes
site/sfguides/src/sec_10k_decoder_without_rag/sec_10k_decoder_without_rag.md,sec_10k_decoder_without_rag,en,en,yes
site/sfguides/src/a-guide-on-model-serving-in-spcs/a-guide-on-model-serving-in-spcs.md,snowpark-container-services-model-serving-guide,en,en,yes
site/sfguides/src/analyze_data_with_python_using_posit_workbench_and_snowflake/analyze_data_with_python_using_posit_workbench_and_snowflake.md,analyze_data_with_python_using_posit_workbench_and_snowflake,en,en,yes
site/sfguides/src/Accelerate_Data_Transformation_with_the_Telecom_Data_Cloud/vhol_snowflake_informatica_for_telco.md,Accelerate_Data_Transformation_with_the_Telecom_Data_Cloud,en,en,yes
site/sfguides/src/build_a_custom_api_in_python/build_a_custom_api_in_python.md,build_a_custom_api_in_python,en,en,yes
site/sfguides/src/getting-started-with-player-360-unlocking-churn-prediction-and-game-optimization/getting-started-with-player-360-unlocking-churn-prediction-and-game-optimization.md,getting-started-with-player-360-unlocking-churn-prediction-and-game-optimization,en,en,yes
site/sfguides/src/hex_snowflake_vhol_q4_2024/customer_reviews.md,analyzing_customer_reviews_using_hex_and_snowflake_cortex,en,en,yes
site/sfguides/src/segment-retl-salesforce/segment-retl-salesforce.md,segment-retl-salesforce,en,en,yes
site/sfguides/src/data_engineering_pipelines_with_snowpark_python_kr/data_engineering_pipelines_with_snowpark_python_kr.md,data_engineering_pipelines_with_snowpark_python_kr,en,en,yes
site/sfguides/src/getting_started_with_snowpipe_streaming_azure_eventhubs/getting_started_with_snowpipe_streaming_azure_eventhubs.md,getting_started_with_snowpipe_streaming_azure_eventhubs,en,en,yes
site/sfguides/src/getting_started_with_ai_observability/getting_started_with_ai_observability.md,getting_started_with_ai_observability,en,en,yes
site/sfguides/src/intro_to_data_engineering_in_python/Intro to Data Engineering using Python in Snowflake.md,intro_to_data_engineering_python,en,en,yes
site/sfguides/src/fivetran_vineyard_assistant_chatbot/fivetran_vineyard_assistant_chatbot.md,fivetran_vineyard_assistant_chatbot,en,en,yes
site/sfguides/src/overview-of-feature-store-api/overview-of-feature-store-api.md,overview-of-feature-store-api,en,en,yes
site/sfguides/src/tasty_bytes_zero_to_snowflake_semi_structured_data_it/tb_zts_semi_structured_data_it.md,tasty_bytes_zero_to_snowflake_semi_structured_data_it,it,it,yes
site/sfguides/src/using_precisely_enrich_data/using_precisely_enrich_data.md,using_precisely_enrich_data,en,en,yes
site/sfguides/src/streamlit_dashboard/streamlit_dashboard.md,streamlit-dashboard,en,en,yes
site/sfguides/src/integrating_tasty_bytes_location_recommendation_ml_model_into_the_react_native_data_app/integrating_tasty_bytes_location_recommendation_ml_model_into_the_react_native_data_app.md,integrating_tasty_bytes_location_recommendation_ml_model_into_the_react_native_data_app,en,en,yes
site/sfguides/src/tasty_bytes_zero_to_snowflake_transformation_kr/tb_zts_transformation_kr.md,tasty_bytes_zero_to_snowflake_transformation_kr,en,en,yes
site/sfguides/src/getting-started-with-ml-observability-in-snowflake/getting-started-with-ml-observability-in-snowflake.md,getting-started-with-ml-observability-in-snowflake,en,en,yes
site/sfguides/src/developing_tasty_bytes_react_native_application_with_snowflake_sql_api/developing_tasty_bytes_react_native_application_with_snowflake_sql_api.md,developing_tasty_bytes_react_native_application_with_snowflake_sql_api,en,en,yes
site/sfguides/src/lead_scoring_with_ml_powered_classification/lead_scoring_with_ml_powered_classification.md,lead_scoring_with_ml_powered_classification,en,en,yes
site/sfguides/src/tasty_bytes_price_optimization_using_snowflake_notebooks_and_streamlit/tasty_bytes_price_optimization_using_snowflake_notebooks_and_streamlit.md,tasty_bytes_price_optimization_using_snowflake_notebooks_and_streamlit,en,en,yes
site/sfguides/src/streamsets_snowflake_transformer/snowflake_transformer.md,snowflake_transformer,en,en,yes
site/sfguides/src/many-model-inference-in-snowflake/many-model-inference-in-snowflake.md,many-model-inference-in-snowflake,en,en,yes
site/sfguides/src/getting_started_iceberg_tables/getting_started_iceberg_tables.md,getting_started_iceberg_tables,en,en,yes
site/sfguides/src/building-geospatial-multi-layer-apps-with-snowflake-and-streamlit/building-geospatial-multi-layer-apps-with-snowflake-and-streamlit.md,building-geospatial-mult-layer-apps-with-snowflake-and-streamlit,en,en,yes
site/sfguides/src/sec-tariff-sentiment/sec-tariff-sentiment.md,SFGUIDE-SEC-TARIFF-SENTIMENT,,,no-id
site/sfguides/src/sharewatch/sharewatch.md,monitor_schema_drift_in_data_shares_with_sharewatch,en,en,yes
site/sfguides/src/data_engineering_with_apache_airflow_ja/data_engineering_with_apache_airflow_ja.md,data_engineering_with_apache_airflow_ja,en,en,yes
site/sfguides/src/a_comprehensive_guide_to_ingesting_data_into_snowflake/a_comprehensive_guide_to_ingesting_data_into_snowflake.md,a_comprehensive_guide_to_ingesting_data_into_snowflake,en,en,yes
site/sfguides/src/getting_started_with_snowpark_in_snowflake_python_worksheets_ptbr/getting_started_with_snowpark_in_snowflake_python_worksheets_ptbr.md,getting_started_with_snowpark_in_snowflake_python_worksheets_ptbr,pt_br,pt_br,yes
site/sfguides/src/analyze_pdf_invoices_java_udf_snowsight/analyze_pdf_invoices_java_udf_snowsight.md,analyze_pdf_invoices_snowpark_python_java,en,en,yes
site/sfguides/src/snowflake-data-engineering-northstar/snowflake-data-engineering-northstar.md,snowflake-northstar-data-engineering,en,en,yes
site/sfguides/src/getting_started_with_time_travel/getting_started_with_time_travel.md,getting_started_with_time_travel,en,en,yes
site/sfguides/src/marketing_data_foundation_starter_v3/marketing_data_foundation_starter_v3.md,marketing_data_foundation_starter_v3,en,en,yes
site/sfguides/src/resource_optimization_usage_monitoring/resource_optimization_usage_monitoring.md,resource_optimization_usage_monitoring,en,en,yes
site/sfguides/src/leverage_dbt_cloud_to_generate_ml_ready_pipelines_using_snowpark_python/leverage_dbt_cloud_to_generate_ml_ready_pipelines_using_snowpark_python.md,leverage_dbt_cloud_to_generate_ml_ready_pipelines_using_snowpark_python,en,en,yes
site/sfguides/src/getting_started_with_dataengineering_ml_using_snowpark_python/getting_started_with_dataengineering_ml_using_snowpark_python.md,getting_started_with_dataengineering_ml_using_snowpark_python,en,en,yes
site/sfguides/src/build_collaborative_filtering_recommender_system_with_relationalai_and_snowflake/build_collaborative_filtering_recommender_system_with_relationalai_and_snowflake.md,build_collaborative_filtering_recommender_system_with_relationalai_and_snowflake,en,en,yes
site/sfguides/src/fine-tune-an-llm-in-snowpark-container-services-with-autotrain/fine-tune-an-llm-in-snowpark-container-services-with-autotrain.md,fine-tune-an-llm-in-snowpark-container-services-with-autotrain,en,en,yes
site/sfguides/src/getting_started_with_streams_and_tasks/getting_started_with_streams_and_tasks.md,getting_started_with_streams_and_tasks,en,en,yes
site/sfguides/src/getting_started_with_Horizon_for_Data_Governance/getting_started_with_horizon_for_data_governance_in_snowflake.md,getting_started_with_horizon_for_data_governance_in_snowflake,en,en,yes
site/sfguides/src/build_customer_facing_applications_using_sigma__and_snowflake/build_customer_facing_applications_using_sigma_and_snowflake.md,build_customer_facing_applications_using_sigma_and_snowflake,en,en,yes
site/sfguides/src/getting_started_snowflake_sql_api_kr/getting_started_snowflake_sql_api_kr.md,getting_started_snowflake_sql_api_kr,ko,ko,yes
site/sfguides/src/developing_tasty_bytes_react_native_application_with_snowflake_sql_api_kr/developing_tasty_bytes_react_native_application_with_snowflake_sql_api_kr.md,developing_tasty_bytes_react_native_application_with_snowflake_sql_api_kr,ko,ko,yes
site/sfguides/src/getting_started_with_alation/getting_started_with_alation.md,getting_started_with_alation,en,en,yes
site/sfguides/src/getting-started-with-feature-store-and-dbt/getting-started-with-feature-store-and-dbt.md,getting-started-with-feature-store-and-dbt,en,en,yes
site/sfguides/src/building_dynamic_tables_in_snowflake_with_coalesce/building_dynamic_tables_in_snowflake_with_coalesce.md,building_dynamic_tables_in_snowflake_with_coalesce,en,en,yes
site/sfguides/src/build_genai_inpainting_and_hybridtable_app_in_snowpark_container_services/build_genai_inpainting_and_hybridtable_app_in_snowpark_container_services.md,build_genai_inpainting_and_hybridtable_app_in_snowpark_container_services,en,en,yes
site/sfguides/src/getting_started_with_snowpipe/getting_started_with_snowpipe.md,getting_started_with_snowpipe,en,en,yes
site/sfguides/src/horizon-intra-org-sharing/horizon-intra-org-sharing.md,horizon_intra_org_sharing,en,en,yes
site/sfguides/src/tasty_bytes_extracting_insights_with_docai/tasty_bytes_extracting_insights_with_doc_ai.md,tasty_bytes_extracting_insights_with_docai,en,en,yes
site/sfguides/src/generative-bi-aws-snowflake/generative-bi-aws-snowflake.md,quickstart-generative-bi-quicksight,en,en,yes
site/sfguides/src/getting_started_with_snowpark_in_snowflake_python_worksheets_it/getting_started_with_snowpark_in_snowflake_python_worksheets_it.md,getting_started_with_snowpark_in_snowflake_python_worksheets_it,it,it,yes
site/sfguides/src/tasty_bytes_customer_support_email_app/tasty_bytes_customer_support_email_app.md,tasty_bytes_customer_support_email_app,en,en,yes
site/sfguides/src/streamline_healthcare_cdc_ddb_and_openflow/streamline_healthcare_cdc_ddb_and_openflow.md,Streamline_Healthcare_CDC_DDB_And_Openflow,,,no-id
site/sfguides/src/build-and-deploy-snowpark-ml-models-using-streamlit-snowflake-notebooks/build-and-deploy-snowpark-ml-models-using-streamlit-snowflake-notebooks.md,build-and-deploy-snowpark-ml-models-using-streamlit-snowflake-notebooks,en,en,yes
site/sfguides/src/gain_insights_from_unstructured_data/gain_insights_from_unstructured_data.md,gain_insights_from_unstructured_data,en,en,yes
site/sfguides/src/hybrid-tables-jmeter-performance-testing/hybrid-tables-jmeter-performance-testing.md,hybrid-tables-jmeter-performance-testing,en,en,yes
site/sfguides/src/vhol_snowflake_data_wrangler/vhol_snowflake_data_wrangler.md,vhol_snowflake_data_wrangler,en,en,yes
site/sfguides/src/end_to_end_nlp_and_ml_using_snowpark_python_and_streamlit:_sentiments_analysis/end_to_end_nlp_and_ml_using_snowpark_python_and_streamlit:_sentiments_analysis.md,end_to_end_nlp_and_ml_using_snowpark_python_and_streamlit:_sentiments_analysis,,,no-id
site/sfguides/src/advanced_guide_to_snowflake_feature_store/advanced_guide_to_snowflake_feature_store.md,advanced_guide_to_snowflake_feature_store,en,en,yes
site/sfguides/src/connectors_postgresql_cdc/connectors_postgresql_cdc.md,connectors_postgresql_cdc,en,en,yes
site/sfguides/src/validate_your_customer_identity_model_with_identityqa/validate_your_customer_identity_model_with_identityqa.md,validate_your_customer_identity_model_with_identityqa,en,en,yes
site/sfguides/src/transform_your_data_with_coalesce/transform_your_data_with_coalesce.md,transform_your_data_with_coalesce,en,en,yes
site/sfguides/src/getting_started_with_llamaparse_and_cortex_search/getting-started-with-llamaparse-and-cortex-search.md,getting-started-with-llamaparse-and-cortex-search,en,en,yes
site/sfguides/src/resource_optimization_performance_optimization_kr/resource_optimization_performance_optimization_kr.md,resource_optimization_performance_optimization_kr,,,no-id
site/sfguides/src/a_postman_tutorial_for_snowflake_sql_api/a_postman_tutorial_for_snowflake_sql_api.md,a_postman_tutorial_for_snowflake_sql_api,en,en,yes
site/sfguides/src/getting_started_with_snowpark_dataframe_api_kr/getting_started_with_snowpark_dataframe_api_kr.md,getting_started_with_snowpark_dataframe_api_kr,ko,ko,yes
site/sfguides/src/simplify_and_accelerate_data_access_provisioning_with_immuta_and_snowflake/simplify_and_accelerate_data_access_provisioning_with_immuta_and_snowflake.md,simplify_and_accelerate_data_access_provisioning_with_immuta_and_snowflake,en,en,yes
site/sfguides/src/deploying_models_from_azureml_and_sagemaker_to_snowparkml/deploying_models_from_azureml_and_sagemaker_to_snowparkml.md,deploying_models_from_azureml_and_sagemaker_to_snowparkml,en,en,yes
site/sfguides/src/getting_started_with_snowpark_for_machine_learning_on_vertexai/getting_started_with_snowpark_for_machine_learning_on_vertexai.md,getting_started_with_snowpark_for_machine_learning_on_vertexai,en,en,yes
site/sfguides/src/doc-ai-invoice-reconciliation/doc-ai-invoice-reconciliation.md,doc-ai-invoice-reconciliation,en,en,yes
site/sfguides/src/getting_started_with_snowpark_python/getting_started_with_snowpark_python.md,getting_started_with_snowpark_python,en,en,yes
site/sfguides/src/soda/soda.md,soda,en,en,yes
site/sfguides/src/integrate_cortex_agents_with_zoom/integrate_cortex_agents_with_zoom.md,integrate-snowflake-cortex-agents-with-zoom,en,en,yes
site/sfguides/src/automating_document_processing_workflows_with_document_ai/automating_document_processing_workflows_with_document_ai.md,automating_document_processing_workflows_with_document_ai,en,en,yes
site/sfguides/src/reach_and_frequency_queries/reach_and_frequency_queries.md,reach_and_frequency_queries,en,en,yes
site/sfguides/src/create-a-route-optimisation-and-vehicle-route-plan-simulator/Create-a-Route-Optimisation-and-Vehicle-Route-Plan-Simulator.md,Create-a-Route-Optimisation-and-Vehicle-Route-Plan-Simulator,en,en,yes
site/sfguides/src/notebook-llama32v/notebook-llama32v.md,notebook-llama32v,en,en,yes
site/sfguides/src/integrate_cortex_agents_with_slack/integrate_cortex_agents_with_slack.md,integrate_snowflake_cortex_agents_with_slack,en,en,yes
site/sfguides/src/getting_started_with_snowpark_in_snowflake_python_worksheets_ja/getting_started_with_snowpark_in_snowflake_python_worksheets_ja.md,getting_started_with_snowpark_in_snowflake_python_worksheets_ja,jp,jp,yes
site/sfguides/src/getting_started_with_time_series_using_snowflake_streaming_sis_ml_notebooks/getting_started_with_time_series_using_snowflake_streaming_sis_ml_notebooks.md,getting_started_with_time_series_using_snowflake_streaming_sis_ml_notebooks,en,en,yes
site/sfguides/src/build_a_streaming_data_pipeline_in_python/build_a_streaming_data_pipeline_in_python.md,build_a_streaming_data_pipeline_in_python,en,en,yes
site/sfguides/src/getting_started_with_snowpark_dataframe_api/getting_started_with_snowpark_dataframe_api.md,getting_started_with_snowpark_dataframe_api,en,en,yes
site/sfguides/src/getting_started_with_snowflake_cluster_key_selection/getting_started_with_snowflake_cluster_key_selection.md,getting_started_with_snowflake_cluster_key_selection,en,en,yes
site/sfguides/src/dbt-projects-on-snowflake/dbt-projects-on-snowflake.md,dbt-projects-on-snowflake,en,en,yes
site/sfguides/src/cloudtrail_log_ingestion/cloudtrail_log_ingestion.md,cloudtrail_log_ingestion,en,en,yes
site/sfguides/src/determining_warehouse_size/determining_warehouse_size.md,determining_warehouse_size,en,en,yes
site/sfguides/src/deploying_custom_models_to_snowflake_model_registry/deploying_custom_models_to_snowflake_model_registry.md,deploying_custom_models_to_snowflake_model_registry,en,en,yes
site/sfguides/src/getting_started_with_graphrag_and_relationalai/getting_started_with_graphrag_and_relationalai.md,getting_started_with_graphrag_and_relationalai,en,en,yes
site/sfguides/src/geo_analysis_telecom/geo_analysis_telecom.md,geo_analysis_telecom,en,en,yes
site/sfguides/src/tealium-snowflake-integration/tealium-snowflake-integration.md,tealium-snowflake-integration,en,en,yes
site/sfguides/src/e2e-sqlserver-migration-snowconvert/e2e-sqlserver-migration-code-conversion.md,e2emigration_sql_and_data,en,en,yes
site/sfguides/src/intro_to_snowpark_container_services_with_python_api/intro_to_snowpark_container_services_with_python_api.md,intro_to_snowpark_container_services_with_python_api,en,en,yes
site/sfguides/src/partner_snowflake_predictive_model_using_sigma/partner_snowflake_predictive_model_using_sigma.md,partner_snowflake_predictive_model_using_sigma,en,en,yes
site/sfguides/src/getting_started_with_audio_sentiment_analysis_using_snowflake_notebooks/getting_started_with_audio_sentiment_analysis_using_snowflake_notebooks.md,getting_started_with_audio_sentiment_analysis_using_snowflake_notebooks,en,en,yes
site/sfguides/src/getting_started_with_azure_openai_and_snowflake/getting_started_with_azure_openai_and_snowflake.md,getting_started_with_azure_openai_and_snowflake,en,en,yes
site/sfguides/src/getting_started_with_azure_openai_and_snowflake/assets/openai-nb/README.md,,,,no-id
site/sfguides/src/tasty_bytes_customer_experience_app/tasty_bytes_customer_experience_app.md,tasty_bytes_customer_experience_app,en,en,yes
site/sfguides/src/end-to-end-analytics-with-snowflake-and-power-bi/end-to-end-analytics-with-snowflake-and-power-bi.md,end-to-end-analytics-with-snowflake-and-power-bi,en,en,yes
site/sfguides/src/getting-started-with-predicting-insurance-claims-regression-model/getting-started-with-predicting-insurance-claims-regression-model.md,getting-started-with-predicting-insurance-claims-regression-model,en,en,yes
site/sfguides/src/data_engineering_with_datastage/data_engineering_with_datastage.md,data_engineering_with_datastage,en,en,yes
site/sfguides/src/connectors_example_push_based_java/example_push_based_java_connector.md,connectors_example_push_based_java,en,en,yes
site/sfguides/src/devops_dcm_dlsync_github/devops_dcm_dlsync_github.md,devops_dcm_dlsync_github,en,en,yes
site/sfguides/src/geocoding_address_data_with_mapbox/geocoding_address_data_with_mapbox.md,geocoding_address_data_with_mapbox,en,en,yes
site/sfguides/src/parsing_semi_structured_data_with_coalesce/parsing_semi_structured_data_with_coalesce.md,parsing_semi_structured_data_with_coalesce,en,en,yes
site/sfguides/src/data_engineering_streaming_integration/data_engineering_streaming_integration.md,data_engineering_streaming_integration,en,en,yes
site/sfguides/src/community_detection_using_relationalai/community_detection_using_relationalai.md,community_detection_using_relationalai,en,en,yes
site/sfguides/src/tasty_bytes_snowpark_101_for_data_science/tasty_bytes_snowpark_101_for_data_science.md,tasty_bytes_snowpark_101_for_data_science,en,en,yes
site/sfguides/src/getting_started_with_geospatial_geography_kr/getting_started_with_geospatial_geography_kr.md,getting_started_with_geospatial_geography_kr,,,no-id
site/sfguides/src/connectors_cdc_postgres/connectors_postgres_cdc.md,connectors_postgres_cdc,en,en,yes
site/sfguides/src/accelerate_your_graphql_development_on_snowflake_with_hasura/accelerate_your_graphql_development_on_snowflake_with_hasura.md,accelerate_your_graphql_development_on_snowflake_with_hasura,en,en,yes
site/sfguides/src/mcp-server-for-cortex-agents/mcp-server-for-cortex-agents.md,mcp-server-for-cortex-agents,en,en,yes
site/sfguides/src/getting_started_with_multimodal_analysis_on_snowflake_cortex/getting_started_with_multimodal_analysis_on_snowflake_cortex.md,getting_started_with_multimodal_analysis_on_snowflake_cortex,en,en,yes
site/sfguides/src/getting_started_snowpark_python_machine_learning/machine_learning_with_snowpark_credit_card_approval_prediction.md,getting_started_snowpark_machine_learning,en,en,yes
site/sfguides/src/tasty_bytes_introduction/tasty_bytes_introduction.md,tasty_bytes_introduction,en,en,yes
site/sfguides/src/load-integrate-data-matillion-data-productivity-cloud/load-integrate-data-matillion-data-productivity-cloud.md,load-integrate-data-matillion-data-productivity-cloud,en,en,yes
site/sfguides/src/geo-for-machine-learning/machine-learning-using-geospatial.md,geo-for-machine-learning,en,en,yes
site/sfguides/src/resource_optimization_usage_monitoring_kr/resource_optimization_usage_monitoring_kr.md,resource_optimization_usage_monitoring_kr,ko,ko,yes
site/sfguides/src/intro_to_snowpark_container_services/intro_to_snowpark_container_services.md,intro_to_snowpark_container_services,en,en,yes
site/sfguides/src/getting_started_with_amg_and_streamlit_on_real-time_dashboarding/getting_started_with_amg_and_streamlit_on_real-time_dashboarding.md,getting_started_with_amg_and_streamlit_on_real-time_dashboarding,en,en,yes
site/sfguides/src/developing_tasty_bytes_react_native_application_with_snowflake_sql_api_ja/developing_tasty_bytes_react_native_application_with_snowflake_sql_api_ja.md,developing_tasty_bytes_react_native_application_with_snowflake_sql_api_ja,jp,jp,yes
site/sfguides/src/bioinformatics-dashboard/bioinformatics-dashboard.md,bioinformatics-dashboard,en,en,yes
site/sfguides/src/getting_started_with_cortex_analyst_in_snowflake/getting_started_with_cortex_analyst_in_snowflake.md,getting_started_with_cortex_analyst_in_snowflake,en,en,yes
site/sfguides/src/exploratory_data_analysis_with_snowflake_and_deepnote/exploratory_data_analysis_with_snowflake_and_deepnote.md,exploratory_data_analysis_with_snowflake_and_deepnote,en,en,yes
site/sfguides/src/getting_started_with_user_defined_sql_functions_kr/getting_started_with_user_defined_sql_functions_kr.md,getting_started_with_user_defined_sql_functions_kr,ko,ko,yes
site/sfguides/src/getting_started_with_snowflake_and_bigquery_via_iceberg/getting_started_with_snowflake_and_bigquery_via_iceberg.md,getting_started_with_snowflake_and_bigquery_via_iceberg,en,en,yes
site/sfguides/src/e2e-task-graph/e2e-task-graph.md,e2e-task-graph,en,en,yes
site/sfguides/src/rudderstack_predictions/rudderstack_predictions.md,rudderstack_predictions,en,en,yes
site/sfguides/src/_imports/sample_import.md,,,,no-id
site/sfguides/src/getting_started_with_snowpipe_kr/getting_started_with_snowpipe_kr.md,getting_started_with_snowpipe_kr,ko,ko,yes
site/sfguides/src/developing_tasty_bytes_react_native_application_with_snowflake_sql_api_it/developing_tasty_bytes_react_native_application_with_snowflake_sql_api_it.md,developing_tasty_bytes_react_native_application_with_snowflake_sql_api_it,en,en,yes
site/sfguides/src/analyze_data_with_r_using_posit_workbench_and_snowflake/analyze_data_with_r_using_posit_workbench_and_snowflake.md,analyze_data_with_r_using_posit_workbench_and_snowflake,en,en,yes
site/sfguides/src/getting_started_with_prophet_model_using_snowflake_ml/getting_started_with_prophet_model_using_snowflake_ml.md,getting-started-with-prophet-using-snowflake-ml,en,en,yes
site/sfguides/src/dcdf_incremental_processing/dcdf_incremental_processing.md,dcdf_incremental_processing,en,en,yes
site/sfguides/src/query-cost-monitoring/query-cost-monitoring.md,query-cost-monitoring,en,en,yes
site/sfguides/src/tableflow-with-snowflake-polaris/tableflow-with-snowflake-polaris.md,snowflake-confluent-tableflow-iceberg,en,en,yes
site/sfguides/src/getting-started-snowflake-python-api/getting-started-snowflake-python-api.md,getting-started-snowflake-python-api,en,en,yes
site/sfguides/src/resource_optimization_billing_metrics/resource_optimization_billing_metrics.md,resource_optimization_billing_metrics,en,en,yes
site/sfguides/src/getting_started_with_time_travel_kr/getting_started_with_time_travel_kr.md,getting_started_with_time_travel_kr,ko,ko,yes
site/sfguides/src/call_center_analytics_with_ai_transcribe_and_cortex_agents/call_center_analytics_with_ai_transcribe_and_cortex_agents.md,call_center_analytics_with_ai_transcribe_and_cortex_agents,en,en,yes
site/sfguides/src/kepler_gl_maps_inside_snowflake/kepler_gl_maps_inside_snowflake.md,kepler_gl_maps_inside_snowflake,en,en,yes
site/sfguides/src/churn_modeling_in_hex/churn_modeling_in_hex.md,hex-churn-model,en,en,yes
site/sfguides/src/getting_started_with_snowflake_cli/getting_started_with_snowflake_cli.md,getting-started-with-snowflake-cli,en,en,yes
site/sfguides/src/process-modin-dataframe-with-cortex/process-modin-dataframe-with-cortex.md,process-modin-dataframe-with-cortex,en,en,yes
site/sfguides/src/getting_started_with_llmops_using_snowflake_cortex_and_trulens/getting_started_with_llmops_using_snowflake_cortex_and_trulens.md,getting_started_with_llmops_using_snowflake_cortex_and_trulens,en,en,yes
site/sfguides/src/servicenow_to_snowflake_connector/servicenow_to_snowflake_connector.md,servicenow_to_snowflake_connector,en,en,yes
site/sfguides/src/servicenow_to_snowflake_connector/assets/notes.md,,,,no-id
site/sfguides/src/build_a_private_custom_api_in_python/build_a_private_custom_api_in_python.md,build_a_private_custom_api_in_python,en,en,yes
site/sfguides/src/entity_resolution_for_product_matching/entity_resolution_for_product_matching.md,getting-started-with-entity-resolution-retail-product-classification-for-aggregated-insights,en,en,yes
site/sfguides/src/resource_optimization_setup/resource_optimization_setup.md,resource_optimization_setup,en,en,yes
site/sfguides/src/ingest_data_from_pubsub_to_snowflake_with_apache_beam/beam.md,ingest_data_from_pubsub_to_snowflake_with_apache_beam,en,en,yes
site/sfguides/src/getting_started_with_power_apps_and_snowflake/getting_started_with_power_apps_and_snowflake.md,power_apps_snowflake,en,en,yes
site/sfguides/src/mlpf_forecasting_ad/mlpf_forecasting_ad.md,ml_forecasting_ad,en,en,yes
site/sfguides/src/text_embedding_as_snowpark_python_udf/text_embedding_as_snowpark_python_udf.md,text_embedding_as_snowpark_python_udf,en,en,yes
site/sfguides/src/getting_started_with_snowpark_in_snowflake_python_worksheets_kr/getting_started_with_snowpark_in_snowflake_python_worksheets_kr.md,getting_started_with_snowpark_in_snowflake_python_worksheets_kr,ko,ko,yes
site/sfguides/src/deploy_finetune_os_llama2_in_snowpark_container_services/deploy_finetune_os_llama2_in_snowpark_container_services.md,deploy_finetune_os_llama2_in_snowpark_container_services,en,en,yes
site/sfguides/src/scale-embeddings-with-snowflake-notebooks-on-container-runtime/scale-embeddings-with-snowflake-notebooks-on-container-runtime.md,scale-embeddings-with-snowflake-notebooks-on-container-runtime,en,en,yes
site/sfguides/src/building_scalable_time_series_forecasting_models_on_snowflake/forecast_model_builder.md,building_scalable_time_series_forecasting_models_on_snowflake,en,en,yes
site/sfguides/src/hybrid_tables_performance_optimization_primer/hybrid_tables_performance_optimization_primer.md,hybrid_tables_performance_optimization_primer,en,en,yes
site/sfguides/src/tasty-bytes-working-with-iceberg-tables/tasty-bytes-working-with-iceberg-tables.md,tasty_bytes_working_with_iceberg_tables,en,en,yes
site/sfguides/src/data_engineering_with_snowpark_python_and_dbt/data_engineering_with_snowpark_python_and_dbt.md,data_engineering_with_snowpark_python_and_dbt,en,en,yes
site/sfguides/src/data_apps_summit_lab_ja/data_apps_summit_lab_ja.md,data_apps_summit_lab_ja,en,en,yes
site/sfguides/src/vhol_fivetran/vhol_fivetran.md,vhol_fivetran,en,en,yes
site/sfguides/src/triggering_real_time_notifications_using_dynamic_tables_and_census_live_syncs/triggering_real_time_notifications_using_dynamic_tables_and_census_live_syncs.md,triggering_real_time_notifications_using_dynamic_tables_and_census_live_syncs,en,en,yes
site/sfguides/src/data_engineering_with_notebooks/data_engineering_with_notebooks.md,data_engineering_with_notebooks,en,en,yes
site/sfguides/src/warehouse-utilization/warehouse-utilization.md,warehouse-utilization,en,en,yes
site/sfguides/src/data_engineering_deploying_pipelines_with_snowflake_and_dbt_labs/data_engineering_deploying_pipelines_with_snowflake_and_dbt_labs.md,data_engineering_deploying_pipelines_with_snowflake_and_dbt_labs,en,en,yes
site/sfguides/src/end-to-end-ml-workflow/end-to-end-ml-workflow.md,end-to-end-ml-workflow,en,en,yes
site/sfguides/src/the_modern_lakehouse_analytics_blueprint/Intro to lakehouse analytics on snowflake.md,modern_lakehouse_analytics_on_snowflake,en,en,yes
site/sfguides/src/build-a-native-app-with-spcs/build-a-native-app-with-spcs.md,build-a-native-app-with-spcs,en,en,yes
site/sfguides/src/fraud_detection_with_neo4j/Louvain-Community-Detection.md,finding-fraudulent-communities-with-neo4j,en,en,yes
site/sfguides/src/create_eureka_moments_with_data_world/create_eureka_moments_with_data_world.md,create_eureka_moments_with_data_world,en,en,yes
site/sfguides/src/getting-started-with-time-series-analytics-with-pricing-data-on-snowflake/getting-started-with-time-series-analytics-with-pricing-data-on-snowflake.md,getting-started-with-time-series-analytics-with-pricing-data-on-snowflake,en,en,yes
site/sfguides/src/intro_to_machine_learning_with_snowpark_ml_for_python/intro_to_machine_learning_with_snowpark_ml_for_python.md,intro_to_machine_learning_with_snowpark_ml_for_python,en,en,yes
site/sfguides/src/accelerating_data_teams_with_snowflake_and_dbt_cloud_hands_on_lab/accelerating_data_teams_with_snowflake_and_dbt_cloud_hands_on_lab.md,accelerating_data_teams_with_snowflake_and_dbt_cloud_hands_on_lab,en,en,yes
site/sfguides/src/seamless_ml_workflows_with_snowpark_and_deepnote/seamless_ml_workflows_with_snowpark_and_deepnote.md,seamless_ML_workflows_with_snowpark_and_deepnote,en,en,yes
site/sfguides/src/getting_started_with_snowsql/getting_started_with_snowsql.md,getting_started_with_snowsql,en,en,yes
site/sfguides/src/getting_started_with_microsoft_purview_and_snowflake/getting_started_with_microsoft_purview_and_snowflake.md,getting_started_with_microsoft_purview_and_snowflake,en,en,yes
site/sfguides/src/viewing-location-data-on-an-interactive-honeycomb-map/viewing-location-data-on-an-interactive-honeycomb-map.md,viewing-location-data-on-an-interactive-map,en,en,yes
site/sfguides/src/build-and-evaluate-rag-with-langchain-and-snowflake/build-and-evaluate-rag-with-langchain-and-snowflake.md,build-evaluate-rag-langchain-snowflake,,,no-id
site/sfguides/src/tasty_bytes_zero_to_snowflake_transformation_it/tb_zts_transformation_it.md,tasty_bytes_zero_to_snowflake_transformation_it,it,it,yes
site/sfguides/src/tasty_bytes_zero_to_snowflake_semi_structured_data_kr/tb_zts_semi_structured_data_kr.md,tasty_bytes_zero_to_snowflake_semi_structured_data_kr,en,en,yes
site/sfguides/src/database_modeling_with_sqldbm/database_modeling_with_SqlDBM.md,database_modeling_with_sqldbm,en,en,yes
site/sfguides/src/database_modeling_with_sqldbm/assets/readme.md,,,,no-id
site/sfguides/src/visual_analytics_powered_by_snowflake_and_tableau/visual_analytics_powered_by_snowflake_and_tableau.md,visual_analytics_powered_by_snowflake_and_tableau,en,en,yes
site/sfguides/src/notebook-container-runtime/notebook-container-runtime.md,notebook-container-runtime,en,en,yes
site/sfguides/src/machine_learning_with_aws_autopilot/machine_learning_with_aws_autopilot.md,machine_learning_with_aws_autopilot,en,en,yes
site/sfguides/src/avalanche-customer-review-data-analytics/avalanche-customer-review-data-analytics.md,avalanche-customer-review-data-analytics,en,en,yes
site/sfguides/src/image_recognition_snowpark_pytorch_streamlit_openai/image_recognition_snowpark_pytorch_streamlit_openai.md,image_recognition_snowpark_pytorch_streamlit_openai,en,en,yes
site/sfguides/src/streamsets_hol/streamsets_hol.md,streamsets_transformer_for_snowflake_hol,en,en,yes
site/sfguides/src/cross_cloud_business_continuity/cross_cloud_business_continuity.md,cross_cloud_business_continuity,en,en,yes
site/sfguides/src/getting_started_with_bedrock_agentcore_gateway_and_cortex_agents/getting_started_with_bedrock_agentcore_gateway_and_cortex_agents.md,getting_started_with_bedrock_agentcore_gateways_and_cortex_agents,,,no-id
site/sfguides/src/data_engineering_pipelines_with_snowpark_python_it/data_engineering_pipelines_with_snowpark_python_it.md,data_engineering_pipelines_with_snowpark_python_it,en,en,yes
site/sfguides/src/build_llm_app_nvidia_scs/build_llm_app_nvidia_scs.md,build_llm_app_nvidia_scs,en,en,yes
site/sfguides/src/getting_started_with_geospatial_geography/getting_started_with_geospatial_geography.md,getting_started_with_geospatial_geography,en,en,yes
site/sfguides/src/data_engineering_pipelines_with_snowpark_python_ja/data_engineering_pipelines_with_snowpark_python_ja.md,data_engineering_pipelines_with_snowpark_python_ja,en,en,yes
site/sfguides/src/a_comprehensive_guide_creating_graphql_api_on_top_of_snowflake_using_propel/a_comprehensive_guide_creating_graphql_api_on_top_of_snowflake_using_propel.md,a_comprehensive_guide_creating_graphql_api_on_top_of_snowflake_using_propel,en,en,yes
site/sfguides/src/security_dashboards_for_snowflake/security_dashboards_for_snowflake.md,security_dashboards_for_snowflake,en,en,yes
site/sfguides/src/getting_started_with_snowpark_in_snowflake_python_worksheets/getting_started_with_snowpark_in_snowflake_python_worksheets.md,getting_started_with_snowpark_in_snowflake_python_worksheets,en,en,yes
site/sfguides/src/cdc_data_from_oracle_to_snowflake_in_streamsets/cdc_data_from_oracle_to_snowflake_in_streamsets.md,cdc_data_from_oracle_to_snowflake_in_streamsets,en,en,yes
site/sfguides/src/sample/sample.md,sample,en,en,yes
site/sfguides/src/llm_assisted_medical_coding_extraction_for_healthcare/llm_assisted_medical_coding_extraction_for_healthcare.md,llm_assisted_medical_coding_extraction_for_healthcare,en,en,yes
site/sfguides/src/tasty_bytes_zero_to_snowflake_transformation_ja/tb_zts_transformation_ja.md,tasty_bytes_zero_to_snowflake_transformation_ja,jp,jp,yes
site/sfguides/src/collibra/collibraV4.md,collibra,en,en,yes
site/sfguides/src/tasty_bytes_zero_to_snowflake_transformation/tb_zts_transformation.md,tasty_bytes_zero_to_snowflake_transformation,en,en,yes
site/sfguides/src/tasty_bytes_snowpark_101_for_data_science_fr/tasty_bytes_snowpark_101_for_data_science_fr.md,tasty_bytes_snowpark_101_for_data_science_fr,fr,fr,yes
site/sfguides/src/data_engineering_with_apache_airflow_kr/data_engineering_with_apache_airflow_kr.md,data_engineering_with_apache_airflow_kr,en,en,yes
site/sfguides/src/native-app-chairlift/native-app-chairlift.md,native-app-chairlift,en,en,yes
site/sfguides/src/getting_started_with_ocr_and_rag_with_snowflake_notebooks/getting_started_with_ocr_and_rag_with_snowflake_notebooks.md,getting_started_with_ocr_and_rag_with_snowflake_notebooks,en,en,yes
site/sfguides/src/financial-services-asset-management-snowflake/financial-services-asset-management-snowflake.md,financial-services-asset-management-snowflake,en,en,yes
site/sfguides/src/ml-feature-creation/sfguide-getting-started-with-automl-openfe-and-autogluon.md,getting-started-with-automl-openfe-and-autogluon,en,en,yes
site/sfguides/src/build_agentic_workflows_with_huggingface_smolagents_in_snowflake/build_agentic_workflows_with_huggingface_smolagents_in_snowflake.md,build-agentic-workflows-with-huggingface-smolagents-in-snowflake,en,en,yes
site/sfguides/src/retail_snowflake_intelligence/retail_snowflake_intelligence.md,retail_snowflake_intelligence,en,en,yes
site/sfguides/src/getting_started_with_the_microsoft_teams_and_365_copilot_cortex_app/getting_started_with_the_microsoft_teams_and_365_copilot_cortex_app.md,getting_started_with_the_microsoft_teams_and_365_copilot_cortex_app,en,en,yes
site/sfguides/src/hightouch-composable-cdp/hightouch-composable-cdp.md,hightouch_cdp,en,en,yes
site/sfguides/src/getting_started_with_dataengineering_ml_using_snowpark_python_kr/getting_started_with_dataengineering_ml_using_snowpark_python_kr.md,getting_started_with_dataengineering_ml_using_snowpark_python_kr,en,en,yes
site/sfguides/src/tasty_bytes_zero_to_snowflake_collaboration_es/tb_zts_collaboration_es.md,tasty_bytes_zero_to_snowflake_collaboration_es,es,es,yes
site/sfguides/src/role-based-access-auditing/role-based-access-auditing.md,role-based-access-auditing,en,en,yes
site/sfguides/src/getting-started-with-snowflake-cortex-ai/getting-started-with-snowflake-cortex-ai.md,getting-started-with-snowflake-cortex-ai,en,en,yes
site/sfguides/src/extracting-insights-from-video-with-multimodal-ai-analysis/extracting-insights-from-video-with-multimodal-ai-analysis.md,extracting-insights-from-video-with-multimodal-ai-analysis,en,en,yes
site/sfguides/src/leveraging_kumo_for_smarter_recommendations/leveraging_kumo_for_smarter_recommendations.md,leveraging_kumo_for_smarter_recommendations,en,en,yes
site/sfguides/src/building_retail_analytics_dataengineering_pipeline_with_snowflake/building_retail_analytics_dataengineering_pipeline_with_snowflake.md,building-retail-analytics-de-pipeline,en,en,yes
site/sfguides/src/data_apps_summit_lab_it/data_apps_summit_lab_it.md,data_apps_summit_lab_it,en,en,yes
site/sfguides/src/build_embedded_analytics_with_thoughtspot/build_embedded_analytics_with_thoughtspot.md,ai_powered_embedded_analytics_using_thoughtspot,en,en,yes
site/sfguides/src/tasty_bytes_zero_to_snowflake_collaboration_fr/tb_zts_collaboration_fr.md,tasty_bytes_zero_to_snowflake_collaboration_fr,fr,fr,yes
site/sfguides/src/xml-processing-sql/xml-processing-sql.md,xml-processing-sql,en,en,yes
site/sfguides/src/doc-ai-pipeline-automation/doc-ai-pipeline-automation.md,doc-ai-pipeline-automation,en,en,yes
site/sfguides/src/external-functions-aws/external-functions-aws.md,getting_started_external_functions_aws,en,en,yes
site/sfguides/src/tasty_bytes_zero_to_snowflake_semi_structured_data_fr/tb_zts_semi_structured_data_fr.md,tasty_bytes_zero_to_snowflake_semi_structured_data_fr,fr,fr,yes
site/sfguides/src/machine_learning_with_saturncloud/machine_learning_with_saturncloud.md,machine_learning_with_saturncloud,en,en,yes
site/sfguides/src/integrating_tasty_bytes_location_recommendation_ml_model_into_the_react_native_data_app_kr/integrating_tasty_bytes_location_recommendation_ml_model_into_the_react_native_data_app_kr.md,integrating_tasty_bytes_location_recommendation_ml_model_into_the_react_native_data_app_kr,ko,ko,yes
site/sfguides/src/airflow-spcs/airflow-spcs.md,airflow-spcs,en,en,yes
site/sfguides/src/python_camouflage/python_camouflage.md,python_camouflage,en,en,yes
site/sfguides/src/data_engineering_CDC_SnowpipeStreaming_DynamicTables/CDC_SnowpipeStreaming_DynamicTables.md,CDC_SnowpipeStreaming_DynamicTables,en,en,yes
site/sfguides/src/getting_started_with_amazon_q_business and_cortex/getting_started_with_amazon_q_business and_cortex.md,getting_started_with_amazon_q_business and_cortex,en,en,yes
site/sfguides/src/build_visual_ai_model_to_detect_manufacturing_defects_with_landingai_and_snowflake/build_visual_ai_model_to_detect_manufacturing_defects_with_landingai_and_snowflake.md,build_visual_ai_model_to_detect_manufacturing_defects_with_landingai_and_snowflake,en,en,yes
site/sfguides/src/build_a_custom_model_for_anomaly_detection/build_a_custom_model_for_anomaly_detection.md,building_a_custom_model_for_anomaly_detection,en,en,yes
site/sfguides/src/tasty_bytes_zero_to_snowflake_semi_structured_data_es/tb_zts_semi_structured_data_es.md,tasty_bytes_zero_to_snowflake_semi_structured_data_es,es,es,yes
site/sfguides/src/tasty_bytes_introduction_ja/tasty_bytes_introduction_ja.md,tasty_bytes_introduction_ja,jp,jp,yes
site/sfguides/src/resource_optimization_billing_metrics_kr/resource_optimization_billing_metrics_kr.md,resource_optimization_billing_metrics_kr,,,no-id
site/sfguides/src/vhol_data_marketplace_app/vhol_data_marketplace_app.md,vhol_data_marketplace_app,en,en,yes
site/sfguides/src/vhol_data_marketplace_app/assets/vhol_data_marketplace_app.md,vhol_data_marketplace_app,en,en,yes
site/sfguides/src/kafka_working_with_iceberg_tables/kafka_working_with_iceberg_tables.md,kafka_working_with_iceberg_tables,en,en,yes
site/sfguides/src/getting_started_with_feast_snowflake/getting_started_with_feast_snowflake.md,getting_started_with_feast_snowflake,en,en,yes
site/sfguides/src/marketing_data_foundation_starter/marketing_data_foundation_starter.md,marketing_data_foundation_starter,en,en,yes
site/sfguides/src/optimizing-network-operations-with-cortex-ai-call-transcripts-and-tower-data-analysis/optimizing-network-operations-with-cortex-ai-call-transcripts-and-tower-data-analysis.md,optimizing-network-operations-with-cortex-ai-call-transcripts-and-tower-data-analysis,en,en,yes
site/sfguides/src/getting_started_with_cortex_agents/getting_started_with_cortex_agents.md,getting_started_with_cortex_agents,en,en,yes
site/sfguides/src/setting_up_snowflake_environments_in_vertex_ai/setting_up_snowflake_environments_in_vertex_ai.md,setting_up_snowflake_environments_in_vertex_ai,en,en,yes
site/sfguides/src/geo_performance/geo_performance.md,geo_performance,en,en,yes
site/sfguides/src/get-started-snowflake-cortex-knowledge-extensions/get-started-snowflake-cortex-knowledge-extensions.md,get-started-snowflake-cortex-knowledge-extensions,en,en,yes
site/sfguides/src/getting-started-with-snowflake-intelligence/getting-started-with-snowflake-intelligence.md,getting-started-with-snowflake-intelligence,en,en,yes
site/sfguides/src/ai_video_search_with_snowflake_and_twelveLabs/ai_video_search_with_snowflake_and_twelveLabs.md,ai-video-search-with-snowflake-and-twelveLabs,en,en,yes
site/sfguides/src/auto_ingest_twitter_data/auto-ingest-twitter-data.md,auto_ingest_twitter_data,en,en,yes
site/sfguides/src/a_no_code_approach_to_machine_learning_with_snowflake_and_dataiku/a_no_code_approach_to_machine_learning_with_snowflake_and_dataiku.md,a_no_code_approach_to_machine_learning_with_snowflake_and_dataiku,en,en,yes
site/sfguides/src/getting_started_with_snowpark_for_machine_learning_on_azureml/getting_started_with_snowpark_for_machine_learning_on_azureml.md,example_matt_marzillo,en,en,yes
site/sfguides/src/getting_started_with_snowsql_kr/getting_started_with_snowsql_kr.md,getting_started_with_snowsql_kr,ko,ko,yes
site/sfguides/src/building-snowflake-llm-based-functions-using-coalesce/building-snowflake-llm-based-functions-using-coalesce-and-iceberg.md,building-snowflake-llm-based-functions-using-coalesce-and-iceberg,en,en,yes
site/sfguides/src/getting_started_with_snowpipe_streaming_aws_msk/getting_started_with_snowpipe_streaming_aws_msk.md,getting_started_with_snowpipe_streaming_aws_msk,en,en,yes
site/sfguides/src/coherent_spark_connector/coherent_spark_connector.md,coherent_spark_connector,en,en,yes
site/sfguides/src/data_engineering_pipelines_with_snowpark_pandas/data_engineering_pipelines_with_snowpark_pandas.md,data_engineering_pipelines_with_snowpark_pandas,en,en,yes
site/sfguides/src/redpanda-connect-ingestion-with-snowpipe-streaming/redpanda-connect-ingestion-with-snowpipe-streaming.md,redpanda-connect-ingestion-with-snowpipe-streaming,en,en,yes
site/sfguides/src/getting_started_with_dynamic_tables/getting_started_with_dynamic_tables.md,getting_started_with_dynamic_tables,en,en,yes
site/sfguides/src/getting_started_with_dynamic_tables/kafka_docker_setup/README.md,,,,no-id
site/sfguides/src/getting_started_thoughtspot/getting_started_thoughtspot.md,getting_started_thoughtspot,en,en,yes
site/sfguides/src/building_a_sports_prediction_model_with_snowpark_ml/building_a_sports_prediction_model_with_snowpark_ml.md,building_a_sports_prediction_model_with_snowpark_ml,en,en,yes
site/sfguides/src/getting_started_with_snowflake_notebooks/getting_started_with_snowflake_notebooks.md,getting_started_with_snowflake_notebooks,en,en,yes
site/sfguides/src/s3_access_logs_ingestion/s3_access_logs_ingestion.md,s3_access_log_ingestion,en,en,yes
site/sfguides/src/getting_started_with_dataengineering_ml_using_snowpark_python_fr/getting_started_with_dataengineering_ml_using_snowpark_python_fr.md,getting_started_with_dataengineering_ml_using_snowpark_python_fr,en,en,yes
site/sfguides/src/domo-mmds-quickstart/snowflake-mmds-quickstart.md,domo_marketing_attribution_quickstart,en,en,yes
site/sfguides/src/data_engineering_with_apache_airflow/data_engineering_with_apache_airflow.md,data_engineering_with_apache_airflow,en,en,yes
site/sfguides/src/automated_machine_learning_with_snowflake_and_datarobot/automl_with_snowflake_and_datarobot.md,automl_with_snowflake_and_datarobot,en,en,yes
site/sfguides/src/getting_started_with_sagemaker_canvas_with_snowflake_for_genai/getting_started_with_sagemaker_canvas_with_snowflake_for_genai.md,getting_started_with_sagemaker_canvas_with_snowflake_for_genai,en,en,yes
site/sfguides/src/e2e-sqlserver-migration/e2e-sqlserver-migration.md,end2endmigration,en,en,yes
site/sfguides/src/getting-started-django-snowflake/getting-started-django-snowflake.md,getting-started-django-snowflake,en,en,yes
site/sfguides/src/tasty_bytes_zero_to_snowflake_collaboration_kr/tb_zts_collaboration_kr.md,tasty_bytes_zero_to_snowflake_collaboration_kr,en,en,yes
site/sfguides/src/braze_cdi/braze_cdi.md,braze_cdi,en,en,yes
site/sfguides/src/getting_started_with_dataengineering_ml_using_snowpark_python_es/getting_started_with_dataengineering_ml_using_snowpark_python_es.md,getting_started_with_dataengineering_ml_using_snowpark_python_es,en,en,yes
site/sfguides/src/managing-risk-in-manufacturing/managing-risk-in-manufacturing.md,managing-risk-in-manufacturing,en,en,yes
site/sfguides/src/data_products_data_mesh_dbt/data_products_data_mesh_dbt.md,data-products-data-mesh-dbt-cloud,en,en,yes
site/sfguides/src/liveramp_identity_and_translation_quickstart/liveramp_identity_and_translation_quickstart.md,liveramp_identity_and_translation_quickstart,en,en,yes
site/sfguides/src/getting_started_with_snowflake_agents_api_and_react/getting_started_with_snowflake_agents_api_and_react.md,getting_started_with_snowflake_agents_api_and_react,en,en,yes
site/sfguides/src/build_a_data_application_with_hybrid_tables/build_a_data_application_with_hybrid_tables.md,build_a_data_application_with_hybrid_tables,en,en,yes
site/sfguides/src/getting-started-with-mediawallah-enrichment-native-app/getting-started-with-mediawallah-enrichment-native-app.md,getting-started-with-mediawallah-enrichment-native-app,en,en,yes
site/sfguides/src/getting_started_snowflake_sql_api/getting_started_snowflake_sql_api.md,getting_started_snowflake_sql_api,en,en,yes
site/sfguides/src/tasty_bytes_zero_to_snowflake_collaboration/tb_zts_collaboration.md,tasty_bytes_zero_to_snowflake_collaboration,en,en,yes
site/sfguides/src/automated-query-performance-insights-with-streamlit/automated-query-performance-insights-with-streamlit.md,automated-query-performance-insights-with-streamlit,en,en,yes
site/sfguides/src/tasty_bytes_introduction_it/tasty_bytes_introduction_it.md,tasty_bytes_introduction_it,it,it,yes
site/sfguides/src/getting_started_with_snowflake_and_aws_kdf/getting_started_with__snowflake_and_aws_kdf.md,getting_started_with_snowflake_and_aws_kdf,en,en,yes
site/sfguides/src/using_snowflake_and_azure_openai_for_a_rag_workflow/using_snowflake_and_azure_openai_for_a_rag_workflow.md,using_snowflake_and_azure_openai_for_a_rag_workflow,en,en,yes
site/sfguides/src/sap_accounts_receivable_to_snowflake_using_adf/sap_accounts_receivable_to_snowflake_using_adf.md,sap_accounts_receivable_to_snowflake_using_adf,en,en,yes
site/sfguides/src/tasty_bytes_snowpark_101_for_data_science_kr/tasty_bytes_snowpark_101_for_data_science.md,tasty_bytes_snowpark_101_for_data_science_kr,en,en,yes
site/sfguides/src/getting-started-with-snowflake-trail-for-observability/getting-started-with-snowflake-trail-for-observability.md,getting-started-with-snowflake-trail-for-observability,en,en,yes
site/sfguides/src/getting_started_with_snowflake_kr/getting_started_with_snowflake.md,getting_started_with_snowflake_kr,en,en,yes
site/sfguides/src/getting_started_with_devops_in_snowflake/getting_started_with_devops_in_snowflake.md,getting_started_with_snowflake_devops,en,en,yes
site/sfguides/src/processing_hl7_v2_messages_with_snowflake/processing_hl7_v2_messages_with_snowflake.md,processing_hl7_v2_messages_with_snowflake,en,en,yes
site/sfguides/src/develop-and-manage-ml-models-with-feature-store-and-model-registry/develop-and-manage-ml-models-with-feature-store-and-model-registry.md,develop-and-manage-ml-models-with-feature-store-and-model-registry,en,en,yes
site/sfguides/src/snowpark_python_top_three_tips_for_optimal_performance/snowpark_python_top_three_tips_for_optimal_performance.md,snowpark_python_top_three_tips_for_optimal_performance,en,en,yes
site/sfguides/src/geo_analysis_geometry/geo_analysis_geometry.md,geo_analysis_geometry,en,en,yes
site/sfguides/src/getting_started_external_functions_azure/getting_started_external_functions_azure.md,getting_started_external_functions_azure,en,en,yes
site/sfguides/src/improvado/improvado.md,improvado,en,en,yes
site/sfguides/src/create_ai_agents_on_snowflake_with_lang_ai/create_ai_agents_on_snowflake_with_lang_ai.md,create_ai_agents_on_snowflake_with_lang_ai,en,en,yes
site/sfguides/src/data_collaboration_native_app/data_collaboration_native_app.md,data_collaboration_native_app,en,en,yes
site/sfguides/src/data_engineering_with_snowpark_python_intro/data-engineering-with-snowpark-python-intro.md,data_engineering_with_snowpark_python_intro,en,en,yes
site/sfguides/src/analyzing_sap_ap_with_nttdata_nativeapp_and_fivetran/analyzing_sap_ap_with_nttdata_nativeapp_and_fivetran.md,analyzing_sap_ap_with_nttdata_nativeapp_and_fivetran,en,en,yes
site/sfguides/src/partitioned-ml-model/partitioned-ml-model.md,partitioned-ml-model,en,en,yes
site/sfguides/src/getting_started_with_search_optimization/getting_started_with_search_optimization.md,getting_started_with_search_optimization,en,en,yes
site/sfguides/src/recommendation_engine_aws_sagemaker/recommendation_engine_aws_sagemaker.md,recommendation_engine_aws_sagemaker,en,en,yes
site/sfguides/src/getting_started_with_microsoft_copilot_studio_and_cortex_agents/getting_started_with_microsoft_copilot_studio_and_cortex_agents.md,getting_started_with_microsoft_copilot_studio_and_cortex_agents,en,en,yes
site/sfguides/src/an_introduction_to_the_mendix_data_loader/an_introduction_to_the_mendix_data_loader.md,mendix_data_loader,en,en,yes
site/sfguides/src/how_to_resolve_data_with_fullcontact_and_snowflake/how_to_resolve_data_with_fullcontact_and_snowflake.md,how_to_resolve_data_with_fullcontact_and_snowflake,en,en,yes
site/sfguides/src/devops_dcm_terraform_github/devops_dcm_terraform_github.md,devops_dcm_terraform_github,en,en,yes
site/sfguides/src/neo4j-subways/neo4j-subways.md,modeling-subway-disruptions-with-neo4j,en,en,yes
site/sfguides/src/vhol_data_vault/vhol_data_vault.md,vhol_data_vault,en,en,yes
site/sfguides/src/getting_started_with_anthropic_on_snowflake_cortex/getting_started_with_anthropic_on_snowflake_cortex.md,getting_started_with_anthropic_on_snowflake_cortex,en,en,yes
site/sfguides/src/getting-started-with-task-graphs/getting-started-with-task-graphs.md,getting-started-with-task-graphs,en,en,yes
site/sfguides/src/vulnerability_intelligence_on_snowflake/vulnerability_intelligence_on_snowflake.md,Vulnerability Intelligence on Snowflake,en,en,yes
site/sfguides/src/cordial_bidirectional_data_share/cordial_bidirectional_data_share.md,cordial_bidirectional_data_share,en,en,yes
site/sfguides/src/tasty_bytes_zero_to_snowflake_semi_structured_data_ptbr/tb_zts_semi_structured_data_ptbr.md,tasty_bytes_zero_to_snowflake_semi_structured_data_ptbr,en,en,yes
site/sfguides/src/application-control-framework/application-control-framework.md,application-control-framework,en,en,yes
site/sfguides/src/getting_started_with_bedrock_streamlit_and_snowflake/getting_started_with_bedrock_streamlit_and_snowflake.md,getting_started_with_bedrock_streamlit_and_snowflake,en,en,yes
site/sfguides/src/mongodb_to_snowflake_cdc_data_replication_with_rivery/ingest_data_from_mongodb_to_snowflake.md,mongodb_to_snowflake_cdc_data_replication_with_rivery,en,en,yes
site/sfguides/src/getting_started_with_snowpark_in_snowflake_python_worksheets_es/getting_started_with_snowpark_in_snowflake_python_worksheets_es.md,getting_started_with_snowpark_in_snowflake_python_worksheets_es,en,en,yes
site/sfguides/src/dota2_game_replay_parser/dota2_game_replay_parser.md,dota2_game_replay_parser,en,en,yes
site/sfguides/src/streamlining-support-case-analysis-with-snowflake-cortex/streamlining-support-case-analysis-with-snowflake-cortex.md,streamlining-support-case-analysis-with-snowflake-cortex,en,en,yes
site/sfguides/src/google_analytics_4_template/google_analytics_4_template.md,google_analytics_4_template_setup,en,en,yes
site/sfguides/src/cortex_ai_sentiment_iceberg/cortex_ai_sentiment_iceberg.md,cortex_ai_sentiment_iceberg,en,en,yes
site/sfguides/src/sqldbmguide/sqldbmguide.md,data_modeling_with_sqldbm,en,en,yes
site/sfguides/src/sqldbmguide/assets/readme.md,,,,no-id
site/sfguides/src/snowplow-web-analytics/snowplow-web-analytics.md,snowplow-web-analytics,en,en,yes
site/sfguides/src/sundeck_opscenter/sundeck_opscenter.md,sundeck_opscenter,en,en,yes
site/sfguides/src/getting-started-with-snowflake-ml-lineage/getting-started-with-snowflake-ml-lineage.md,getting-started-with-snowflake-ml-lineage,en,en,yes
site/sfguides/src/getting_started_with_snowpark_in_snowflake_python_worksheets_fr/getting_started_with_snowpark_in_snowflake_python_worksheets_fr.md,getting_started_with_snowpark_in_snowflake_python_worksheets_fr,en,en,yes
site/sfguides/src/getting_started_with_snowflake/getting_started_with_snowflake.md,getting_started_with_snowflake,en,en,yes
site/sfguides/src/build-ml-models-for-customer-conversions/build-ml-models-for-customer-conversions.md,build-ml-models-for-customer-conversions,en,en,yes
site/sfguides/src/tasty_bytes_zero_to_snowflake_transformation_ptbr/tb_zts_transformation_ptbr.md,tasty_bytes_zero_to_snowflake_transformation_ptbr,en,en,yes
site/sfguides/src/apache_iceberg_snowflake_open_catalog_snowpipe_streaming/apache-iceberg-snowflake-open-catalog-snowpipe-streaming.md,apache-iceberg-snowflake-open-catalog-snowpipe-streaming,en,en,yes
site/sfguides/src/a_guide_to_kipi_marketing_mix_modelling_and_analytics_app/a_guide_to_kipi_marketing_mix_modelling_and_analytics_app.md,a_guide_to_kipi_marketing_mix_modelling_analytics_app,en,en,yes
site/sfguides/src/tasty_bytes_zero_to_snowflake_cost_management/tb_zts_cost_management.md,tasty_bytes_zero_to_snowflake_cost_management,en,en,yes
site/sfguides/src/frosty_llm_chatbot_on_streamlit_snowflake/frosty_llm_chatbot_on_streamlit_snowflake.md,frosty_llm_chatbot_on_streamlit_snowflake,en,en,yes
site/sfguides/src/getting-started-with-running-distributed-pytorch-models-on-snowflake/getting-started-with-running-distributed-pytorch-models-on-snowflake.md,getting-started-with-running-distributed-pytorch-models-on-snowflake,en,en,yes
site/sfguides/src/getting_started_with_user_defined_sql_functions/getting_started_with_user_defined_sql_functions.md,getting_started_with_user_defined_sql_functions,en,en,yes
site/sfguides/src/build_an_ad_tag_in_python_on_aws/build_an_ad_tag_in_python_on_aws.md,build_an_ad_tag_in_python_on_aws,en,en,yes
site/sfguides/src/customer_insights_analyzer_using_vertex_ai_and_snowflake/customer_insights_analyzer_using_vertex_ai_and_snowflake.md,customer_insights_analyzer_using_vertex_ai_and_snowflake,en,en,yes
site/sfguides/src/data_teams_with_dbt_core/data_teams_with_dbt_core.md,data_teams_with_dbt_core,en,en,yes
site/sfguides/src/attaining_consumer_insights_with_snowflake_microsoft_power_bi/attaining_consumer_insights_with_snowflake_microsoft_power_bi.md,attaining_consumer_insights_with_snowflake_and_microsoft_power_bi,en,en,yes
site/sfguides/src/getting-started-with-snowflake-cortex-ml-forecasting-and-classification/getting-started-with-snowflake-cortex-ml-forecasting-and-classification.md,getting-started-with-snowflake-cortex-ml-forecasting-and-classification,en,en,yes
site/sfguides/src/zero_to_snowflake/zero_to_snowflake.md,zero_to_snowflake,en,en,yes
site/sfguides/src/tasty_bytes_zero_to_app/tasty_bytes_zero_to_app.md,build_a_data_app_with_snowflake,en,en,yes
