directory,files_with_matches,total_matching_occurrences,url_1,endings,new url_1,url_2,Ending,new url_2,url_3,endings,new url_3,url_4,endings,new url_4,url_5,ending,new url_5,url_6,ending,new url_6,url_7,ending,new url_7,url_8,ending,new url_8,url_9,ending,new url_9,url_10,ending,new url_10,url_11,ending,new url_11,url_12,ending,new url_12,url_13,ending,new url_13,url_14,,new url_14
_archived/analyze_pdf_invoices_java_udf_snowsight,1,2,http://quickstarts.snowflake.com/guide/getting_started_with_unstructured_data,getting_started_with_unstructured_data,https://www.snowflake.com/en/developers/guides/getting-started-with-unstructured-data/,https://quickstarts.snowflake.com/guide/extract_attributes_dicom_files_java_udf/index.html,extract_attributes_dicom_files_java_udf,https://www.snowflake.com/en/developers/guides/end-to-end-machine-learning-with-dataiku/,,,,,,,,,,,,,,,,,,,,,,,,,,,,,,,,,,,,
_archived/ask-questions-to-your-documents-using-rag-with-snowflake-cortex,1,1,https://quickstarts.snowflake.com/guide/ask_questions_to_your_own_documents_with_snowflake_cortex_search/index.html,ask_questions_to_your_own_documents_with_snowflake_cortex_search/index.html,https://www.snowflake.com/en/developers/guides/apache-iceberg-snowflake-open-catalog-snowpipe-streaming/,,,,,,,,,,,,,,,,,,,,,,,,,,,,,,,,,,,,,,,
_archived/build_rag_based_blog_ai_assistant_using_streamlit_openai_and_llamaindex,1,5,https://quickstarts.snowflake.com/guide/cloud_native_data_engineering_with_matillion_and_snowflake,cloud_native_data_engineering_with_matillion_and_snowflake,https://www.snowflake.com/en/developers/guides/building-geospatial-mult-layer-apps-with-snowflake-and-streamlit/,https://quickstarts.snowflake.com/guide/data_engineering_pipelines_with_snowpark_python,,,https://quickstarts.snowflake.com/guide/data_engineering_with_apache_airflow,data_engineering_with_apache_airflow,https://www.snowflake.com/en/developers/guides/data-engineering-with-apache-airflow/,https://quickstarts.snowflake.com/guide/data_engineering_with_snowpark_python_and_dbt,data_engineering_with_apache_airflow,https://www.snowflake.com/en/developers/guides/data-engineering-with-apache-airflow/,https://quickstarts.snowflake.com/guide/getting_started_with_dataengineering_ml_using_snowpark_python,#VALUE!,,,,,,,,,,,,,,,,,,,,,,,,,,,,
_archived/developing-react-native-applications-using-hybrid-tables-sql-alchemy-flask,1,1,https://quickstarts.snowflake.com/guide/tasty_bytes_introduction,tasty_bytes_introduction,https://www.snowflake.com/en/developers/guides/tasty-bytes-introduction/,,,,,,,,,,,,,,,,,,,,,,,,,,,,,,,,,,,,,,,
_archived/getting_started_with_amg_and_streamlit_on_real-time_dashboarding,1,6,https://quickstarts.snowflake.com/,,#N/A,https://quickstarts.snowflake.com/guide/getting_started_with_snowpipe_streaming_aws_msk/,getting_started_with_snowpipe_streaming_aws_msk,https://www.snowflake.com/en/developers/guides/getting-started-with-snowpipe-streaming-aws-msk/,https://quickstarts.snowflake.com/guide/getting_started_with_snowpipe_streaming_aws_msk/index.html?index=..%2F..index#0,getting_started_with_snowpipe_streaming_aws_msk,https://www.snowflake.com/en/developers/guides/getting-started-with-snowpipe-streaming-aws-msk/,,,,,,,,,,,,,,,,,,,,,,,,,,,,,,,,,
_archived/getting_started_with_feast_snowflake,1,2,https://quickstarts.snowflake.com/guide/getting_started_snowpark_machine_learning/index.html?index=..%2F..index#0,getting_started_snowpark_machine_learning/index.html?index=..%2F..index#0,https://www.snowflake.com/en/developers/guides/end-to-end-machine-learning-with-dataiku/,https://quickstarts.snowflake.com/guide/getting_started_with_snowflake/index.html#0,getting_started_with_snowflake,https://www.snowflake.com/en/developers/guides/getting-started-with-snowflake/,,,,,,,,,,,,,,,,,,,,,,,,,,,,,,,,,,,,
_archived/integrating_tasty_bytes_location_recommendation_ml_model_into_the_react_native_data_app,1,2,https://quickstarts.snowflake.com/guide/tasty_bytes_introduction,tasty_bytes_introduction,https://www.snowflake.com/en/developers/guides/tasty-bytes-introduction/,https://quickstarts.snowflake.com/guide/tasty_bytes_snowpark_101_for_data_science,,,,,,,,,,,,,,,,,,,,,,,,,,,,,,,,,,,,,,
_archived/tasty_bytes_native_app,1,4,https://quickstarts.snowflake.com/guide/tasty_bytes_introduction,tasty_bytes_introduction,https://www.snowflake.com/en/developers/guides/tasty-bytes-introduction/,https://quickstarts.snowflake.com/guide/tasty_bytes_snowpark_101_for_data_science/index.html?index=..%2F..index#1,tasty_bytes_snowpark_101_for_data_science,https://www.snowflake.com/en/developers/guides/tasty-bytes-snowpark-101-for-data-science/,,,,,,,,,,,,,,,,,,,,,,,,,,,,,,,,,,,,
a_comprehensive_guide_to_ingesting_data_into_snowflake,1,3,https://quickstarts.snowflake.com/guide/data_engineering_streaming_integration,data_engineering_streaming_integration,https://www.snowflake.com/en/developers/guides/building-geospatial-mult-layer-apps-with-snowflake-and-streamlit/,https://quickstarts.snowflake.com/guide/getting_started_with_snowpipe/index.html,getting_started_with_snowpipe,https://www.snowflake.com/en/developers/guides/getting-started-with-snowpipe/,https://quickstarts.snowflake.com/guide/getting_started_with_snowpipe_streaming_aws_msk/index.html,getting_started_with_snowpipe_streaming_aws_msk,https://www.snowflake.com/en/developers/guides/getting-started-with-snowpipe-streaming-aws-msk/,,,,,,,,,,,,,,,,,,,,,,,,,,,,,,,,,
a_guide_to_kipi_marketing_mix_modelling_and_analytics_app,1,1,https://quickstarts.snowflake.com/guide/a_guide_to_kipi_marketing_mix_modelling_analytics_app,a_guide_to_kipi_marketing_mix_modelling_analytics_app,https://www.snowflake.com/en/developers/guides/a-guide-to-implementing-a-pipeline-for-database-change-management/,,,,,,,,,,,,,,,,,,,,,,,,,,,,,,,,,,,,,,,
a_postman_tutorial_for_snowflake_sql_api,1,1,https://quickstarts.snowflake.com/guide/getting_started_snowflake_sql_api,getting_started_snowflake_sql_api,https://www.snowflake.com/en/developers/guides/end-to-end-machine-learning-with-dataiku/,,,,,,,,,,,,,,,,,,,,,,,,,,,,,,,,,,,,,,,
accelerate-topic-modeling-with-gpus-in-snowflake-ml,1,4,https://quickstarts.snowflake.com/guide/defect_detection_using_distributed_pyTorch_with_snowflake_notebooks/,defect_detection_using_distributed_pyTorch_with_snowflake_notebooks/,https://www.snowflake.com/en/developers/guides/declarative-pipelines-using-dynamic-iceberg-tablesmd/,https://quickstarts.snowflake.com/guide/getting-started-with-running-distributed-pytorch-models-on-snowflake/,getting-started-with-running-distributed-pytorch-models-on-snowflake,https://www.snowflake.com/ko/developers/guides/getting-started-with-user-defined-sql-functions-kr/,https://quickstarts.snowflake.com/guide/notebook-container-runtime/,notebook-container-runtime,https://www.snowflake.com/en/developers/guides/modern-data-stack-with-fivetran-snowflake-salesforce/,https://quickstarts.snowflake.com/guide/scale-embeddings-with-snowflake-notebooks-on-container-runtime/,scale-embeddings-with-snowflake-notebooks-on-container-runtime,,,,,,,,,,,,,,,,,,,,,,,,,,,,,,,
advanced_guide_to_snowflake_feature_store,1,3,https://quickstarts.snowflake.com/guide/data_engineering_pipelines_with_snowpark_python,data_engineering_pipelines_with_snowpark_python,https://www.snowflake.com/en/developers/guides/building-geospatial-mult-layer-apps-with-snowflake-and-streamlit/,https://quickstarts.snowflake.com/guide/getting_started_snowpark_machine_learning/index.html,getting_started_snowpark_machine_learning,https://www.snowflake.com/en/developers/guides/end-to-end-machine-learning-with-dataiku/,https://quickstarts.snowflake.com/guide/intro_to_machine_learning_with_snowpark_ml_for_python/index.html,intro_to_machine_learning_with_snowpark_ml_for_python,https://www.snowflake.com/en/developers/guides/intro-to-machine-learning-with-snowpark-ml-for-python/,,,,,,,,,,,,,,,,,,,,,,,,,,,,,,,,,
ai_agent_health_payers_cc,1,3,https://quickstarts.snowflake.com/guide/ai_agent_health_payers_cc,ai_agent_health_payers_cc,https://www.snowflake.com/en/developers/guides/ai-agent-health-payers-cc/,https://quickstarts.snowflake.com/guide/getting_started_with_cortex_agents/index.html#0,getting_started_with_cortex_agents,https://www.snowflake.com/en/developers/guides/getting-started-with-cortex-agents/,https://quickstarts.snowflake.com/guide/getting_started_with_snowflake_agents_api_and_react/index.html?index=..%2F..index#0,getting_started_with_snowflake_agents_api_and_react,https://www.snowflake.com/en/developers/guides/getting-started-with-snowflake-agents-api-and-react/,,,,,,,,,,,,,,,,,,,,,,,,,,,,,,,,,
automating_document_processing_workflows_with_document_ai,1,1,https://quickstarts.snowflake.com/guide/tasty_bytes_extracting_insights_with_docai,tasty_bytes_extracting_insights_with_docai,https://www.snowflake.com/en/developers/guides/tasty-bytes-extracting-insights-with-docai/,,,,,,,,,,,,,,,,,,,,,,,,,,,,,,,,,,,,,,,
build-a-visual-idea-generator-with-text-to-image-models,1,5,https://quickstarts.snowflake.com/guide/ask_questions_to_your_own_documents_with_snowflake_cortex_search,ask_questions_to_your_own_documents_with_snowflake_cortex_search,https://www.snowflake.com/en/developers/guides/apache-iceberg-snowflake-open-catalog-snowpipe-streaming/,https://quickstarts.snowflake.com/guide/ask_questions_to_your_own_documents_with_snowflake_cortex_search/index.html?index=..%2F..index#0,ask_questions_to_your_own_documents_with_snowflake_cortex_search,https://www.snowflake.com/en/developers/guides/apache-iceberg-snowflake-open-catalog-snowpipe-streaming/,https://quickstarts.snowflake.com/guide/getting_started_with_dynamic_tables/index.html?index=..%2F..index#0,getting_started_with_dynamic_tables,https://www.snowflake.com/en/developers/guides/getting-started-with-dynamic-tables/,https://quickstarts.snowflake.com/guide/getting_started_with_snowflake_notebooks/index.html?index=..%2F..index#0,getting_started_with_snowflake_notebooks,https://www.snowflake.com/en/developers/guides/getting-started-with-snowflake-notebooks/,https://quickstarts.snowflake.com/guide/tasty_bytes_price_optimization_using_snowflake_notebooks_and_streamlit/index.html?index=..%2F..index#0,tasty_bytes_price_optimization_using_snowflake_notebooks_and_streamlit,https://www.snowflake.com/en/developers/guides/tasty-bytes-price-optimization-using-snowflake-notebooks-and-streamlit/,,,,,,,,,,,,,,,,,,,,,,,,,,,
build-agentic-application-in-snowflake,1,1,https://quickstarts.snowflake.com/guide/build-agentic-application-in-snowflake,build-agentic-application-in-snowflake,https://www.snowflake.com/en/developers/guides/building-a-custom-model-for-anomaly-detection/,,,,,,,,,,,,,,,,,,,,,,,,,,,,,,,,,,,,,,,
build-ml-models-for-customer-conversions,1,2,https://quickstarts.snowflake.com/,,#N/A,,,,,,,,,,,,,,,,,,,,,,,,,,,,,,,,,,,,,,,
build_a_custom_api_in_java_on_aws,1,3,https://quickstarts.snowflake.com/guide/data_app,data_app,https://www.snowflake.com/en/developers/guides/building-geospatial-mult-layer-apps-with-snowflake-and-streamlit/,,,,,,,,,,,,,,,,,,,,,,,,,,,,,,,,,,,,,,,
build_a_custom_api_in_python_on_aws,1,3,https://quickstarts.snowflake.com/guide/data_app,data_app,https://www.snowflake.com/en/developers/guides/building-geospatial-mult-layer-apps-with-snowflake-and-streamlit/,,,,,,,,,,,,,,,,,,,,,,,,,,,,,,,,,,,,,,,
build_a_data_application_with_hybrid_tables,1,2,https://quickstarts.snowflake.com/guide/getting_started_with_hybrid_tables,getting_started_with_hybrid_tables,https://www.snowflake.com/en/developers/guides/getting-started-with-hybrid-tables/,,,,,,,,,,,,,,,,,,,,,,,,,,,,,,,,,,,,,,,
build_a_streaming_data_pipeline_in_python,1,2,https://quickstarts.snowflake.com/guide/getting_started_with_dynamic_tables,getting_started_with_dynamic_tables,https://www.snowflake.com/en/developers/guides/getting-started-with-dynamic-tables/,https://quickstarts.snowflake.com/guide/getting_started_with_snowpark_for_python_streamlit/index.html,getting_started_with_snowpark_for_python_streamlit,https://www.snowflake.com/en/developers/guides/getting-started-with-snowpark-for-machine-learning-on-vertexai/,,,,,,,,,,,,,,,,,,,,,,,,,,,,,,,,,,,,
build_embedded_analytics_with_thoughtspot,1,1,https://quickstarts.snowflake.com/,,#N/A,,,,,,,,,,,,,,,,,,,,,,,,,,,,,,,,,,,,,,,
build_genai_inpainting_and_hybridtable_app_in_snowpark_container_services,1,1,https://quickstarts.snowflake.com/guide/intro_to_snowpark_container_services,intro_to_snowpark_container_services,https://www.snowflake.com/en/developers/guides/intro-to-snowpark-container-services/,,,,,,,,,,,,,,,,,,,,,,,,,,,,,,,,,,,,,,,
building-geospatial-multi-layer-apps-with-snowflake-and-streamlit,1,2,https://quickstarts.snowflake.com/guide/geo-for-machine-learning,geo-for-machine-learning,https://www.snowflake.com/en/developers/guides/end-to-end-machine-learning-with-dataiku/,https://quickstarts.snowflake.com/guide/using_snowflake_cortex_and_streamlit_with_geospatial_data/index.html#1,using_snowflake_cortex_and_streamlit_with_geospatial_data,https://www.snowflake.com/en/developers/guides/using-snowflake-cortex-and-streamlit-with-geospatial-data/,,,,,,,,,,,,,,,,,,,,,,,,,,,,,,,,,,,,
building_dynamic_tables_in_snowflake_with_coalesce,1,1,https://quickstarts.snowflake.com/guide/transform_your_data_with_coalesce,transform_your_data_with_coalesce,https://www.snowflake.com/en/developers/guides/transform-your-data-with-coalesce/,,,,,,,,,,,,,,,,,,,,,,,,,,,,,,,,,,,,,,,
building_scalable_time_series_forecasting_models_on_snowflake,1,3,https://quickstarts.snowflake.com/guide/getting_started_with_snowflake_notebooks,getting_started_with_snowflake_notebooks,https://www.snowflake.com/en/developers/guides/getting-started-with-snowflake-notebooks/,https://quickstarts.snowflake.com/guide/notebook-container-runtime/index.html#0,notebook-container-runtime,https://www.snowflake.com/en/developers/guides/modern-data-stack-with-fivetran-snowflake-salesforce/,https://quickstarts.snowflake.com/guide/train-an-xgboost-model-with-gpus-using-snowflake-notebooks/index.html#0,train-an-xgboost-model-with-gpus-using-snowflake-notebooks,https://www.snowflake.com/en/developers/guides/text-embedding-as-snowpark-python-udf/,,,,,,,,,,,,,,,,,,,,,,,,,,,,,,,,,
call_centre_analytics_with_snowflake_cortex_and_spcs,1,1,https://quickstarts.snowflake.com/guide/building-cortex-aisql-powered-call-centre-analytics,building-cortex-aisql-powered-call-centre-analytics,https://www.snowflake.com/en/developers/guides/building-dynamic-tables-in-snowflake-with-coalesce/,,,,,,,,,,,,,,,,,,,,,,,,,,,,,,,,,,,,,,,
create-a-route-optimisation-and-vehicle-route-plan-simulator,1,4,https://quickstarts.snowflake.com/guide/building-geospatial-mult-layer-apps-with-snowflake-and-streamlit/,building-geospatial-mult-layer-apps-with-snowflake-and-streamlit/,https://www.snowflake.com/en/developers/guides/building-dynamic-tables-in-snowflake-with-coalesce/,https://quickstarts.snowflake.com/guide/geo-for-machine-learning/index.html?index=..%2F..index#0,geo-for-machine-learning,https://www.snowflake.com/en/developers/guides/end-to-end-machine-learning-with-dataiku/,https://quickstarts.snowflake.com/guide/getting-started-with-snowflake-cli/index.html#0,getting-started-with-snowflake-cli,https://www.snowflake.com/ko/developers/guides/getting-started-with-user-defined-sql-functions-kr/,https://quickstarts.snowflake.com/guide/using_snowflake_cortex_and_streamlit_with_geospatial_data/index.html#1,using_snowflake_cortex_and_streamlit_with_geospatial_data,https://www.snowflake.com/en/developers/guides/using-snowflake-cortex-and-streamlit-with-geospatial-data/,,,,,,,,,,,,,,,,,,,,,,,,,,,,,,
credit-card-fraud-detection-using-snowflake-ml,1,3,https://quickstarts.snowflake.com/guide/getting-started-with-snowflake-cortex-ml-forecasting-and-classification,getting-started-with-snowflake-cortex-ml-forecasting-and-classification,https://www.snowflake.com/ko/developers/guides/getting-started-with-user-defined-sql-functions-kr/,https://quickstarts.snowflake.com/guide/getting_started_with_snowflake_feature_store/index.html?index=..%2F..index#0,getting_started_with_snowflake_feature_store,https://www.snowflake.com/en/developers/guides/getting-started-with-snowflake-devops/,https://quickstarts.snowflake.com/guide/lead_scoring_with_ml_powered_classification/index.html?index=..%2F..index#0,lead_scoring_with_ml_powered_classification,https://www.snowflake.com/en/developers/guides/kafka-working-with-iceberg-tables/,,,,,,,,,,,,,,,,,,,,,,,,,,,,,,,,,
customer_insights_analyzer_using_vertex_ai_and_snowflake,1,1,https://quickstarts.snowflake.com/guide/getting_started_with_snowflake,getting_started_with_snowflake,https://www.snowflake.com/en/developers/guides/getting-started-with-snowflake/,,,,,,,,,,,,,,,,,,,,,,,,,,,,,,,,,,,,,,,
data_collaboration_native_app,1,1,https://quickstarts.snowflake.com/guide/data_collaboration_two_way,data_collaboration_two_way,https://www.snowflake.com/en/developers/guides/building-geospatial-mult-layer-apps-with-snowflake-and-streamlit/,,,,,,,,,,,,,,,,,,,,,,,,,,,,,,,,,,,,,,,
data_engineering_deploying_pipelines_with_snowflake_and_dbt_labs,1,1,https://quickstarts.snowflake.com/guide/data_engineering_pipelines_with_snowpark_python,data_engineering_pipelines_with_snowpark_python,https://www.snowflake.com/en/developers/guides/building-geospatial-mult-layer-apps-with-snowflake-and-streamlit/,,,,,,,,,,,,,,,,,,,,,,,,,,,,,,,,,,,,,,,
data_engineering_pipelines_with_snowpark_pandas,1,1,https://quickstarts.snowflake.com/guide/getting_started_with_pandas_on_snowflake/,getting_started_with_pandas_on_snowflake/,https://www.snowflake.com/en/developers/guides/getting-started-with-pii/,,,,,,,,,,,,,,,,,,,,,,,,,,,,,,,,,,,,,,,
data_engineering_pipelines_with_snowpark_python,1,1,https://quickstarts.snowflake.com/guide/getting_started_snowpark_machine_learning,getting_started_snowpark_machine_learning,https://www.snowflake.com/en/developers/guides/end-to-end-machine-learning-with-dataiku/,,,,,,,,,,,,,,,,,,,,,,,,,,,,,,,,,,,,,,,
data_engineering_pipelines_with_snowpark_python_it,1,1,https://quickstarts.snowflake.com/guide/getting_started_snowpark_machine_learning,getting_started_snowpark_machine_learning,https://www.snowflake.com/en/developers/guides/end-to-end-machine-learning-with-dataiku/,,,,,,,,,,,,,,,,,,,,,,,,,,,,,,,,,,,,,,,
data_engineering_pipelines_with_snowpark_python_ja,1,3,https://quickstarts.snowflake.com/guide/getting_started_snowpark_machine_learning,getting_started_snowpark_machine_learning,https://www.snowflake.com/en/developers/guides/end-to-end-machine-learning-with-dataiku/,,,,,,,,,,,,,,,,,,,,,,,,,,,,,,,,,,,,,,,
data_engineering_pipelines_with_snowpark_python_kr,1,3,https://quickstarts.snowflake.com/guide/getting_started_snowpark_machine_learning,getting_started_snowpark_machine_learning,https://www.snowflake.com/en/developers/guides/end-to-end-machine-learning-with-dataiku/,,,,,,,,,,,,,,,,,,,,,,,,,,,,,,,,,,,,,,,
data_engineering_streaming_integration,1,4,https://quickstarts.snowflake.com/guide/getting_started_with_snowpipe,getting_started_with_snowpipe,https://www.snowflake.com/en/developers/guides/getting-started-with-snowpipe/,https://quickstarts.snowflake.com/guide/getting_started_with_snowpipe_streaming_aws_msk/index.html?index=..%2F..index#0,getting_started_with_snowpipe_streaming_aws_msk,https://www.snowflake.com/en/developers/guides/getting-started-with-snowpipe-streaming-aws-msk/,,,,,,,,,,,,,,,,,,,,,,,,,,,,,,,,,,,,
data_engineering_with_notebooks,1,2,https://quickstarts.snowflake.com/guide/data_engineering_pipelines_with_snowpark_python,data_engineering_pipelines_with_snowpark_python,https://www.snowflake.com/en/developers/guides/building-geospatial-mult-layer-apps-with-snowflake-and-streamlit/,,,,,,,,,,,,,,,,,,,,,,,,,,,,,,,,,,,,,,,
data_engineering_with_snowpark_python_intro,1,2,https://quickstarts.snowflake.com/guide/data_engineering_pipelines_with_snowpark_python,data_engineering_pipelines_with_snowpark_python,https://www.snowflake.com/en/developers/guides/building-geospatial-mult-layer-apps-with-snowflake-and-streamlit/,https://quickstarts.snowflake.com/guide/getting_started_with_dataengineering_ml_using_snowpark_python,,,,,,,,,,,,,,,,,,,,,,,,,,,,,,,,,,,,,,
data_mapping_in_native_apps,1,2,https://quickstarts.snowflake.com/guide/getting_started_with_native_apps,getting_started_with_native_apps,https://www.snowflake.com/en/developers/guides/getting-started-with-native-apps/,https://quickstarts.snowflake.com/guide/native-app-chairlift/#0,native-app-chairlift,https://www.snowflake.com/en/developers/guides/ml-with-snowpark-and-apache-airflow/,,,,,,,,,,,,,,,,,,,,,,,,,,,,,,,,,,,,
deploy_finetune_os_llama2_in_snowpark_container_services,1,1,https://quickstarts.snowflake.com/guide/intro_to_snowpark_container_services,intro_to_snowpark_container_services,https://www.snowflake.com/en/developers/guides/intro-to-snowpark-container-services/,,,,,,,,,,,,,,,,,,,,,,,,,,,,,,,,,,,,,,,
deploying_models_from_azureml_and_sagemaker_to_snowparkml,1,2,https://quickstarts.snowflake.com/guide/getting_started_with_snowflake,getting_started_with_snowflake,https://www.snowflake.com/en/developers/guides/getting-started-with-snowflake/,https://quickstarts.snowflake.com/guide/intro_to_machine_learning_with_snowpark_ml_for_python/index.html?index=..%2F..index#0,intro_to_machine_learning_with_snowpark_ml_for_python,https://www.snowflake.com/en/developers/guides/intro-to-machine-learning-with-snowpark-ml-for-python/,,,,,,,,,,,,,,,,,,,,,,,,,,,,,,,,,,,,
develop-and-manage-ml-models-with-feature-store-and-model-registry,1,4,https://quickstarts.snowflake.com/guide/intro-to-feature-store,intro-to-feature-store,https://www.snowflake.com/en/developers/guides/intro-to-snowpark-container-services-with-python-api/,https://quickstarts.snowflake.com/guide/overview-of-feature-store-api/index.html?index=..%2F..index#0,overview-of-feature-store-api,https://www.snowflake.com/en/developers/guides/modern-data-stack-with-fivetran-snowflake-salesforce/,,,,,,,,,,,,,,,,,,,,,,,,,,,,,,,,,,,,
developing_tasty_bytes_react_native_application_with_snowflake_sql_api,1,1,https://quickstarts.snowflake.com/guide/tasty_bytes_introduction,tasty_bytes_introduction,https://www.snowflake.com/en/developers/guides/tasty-bytes-introduction/,,,,,,,,,,,,,,,,,,,,,,,,,,,,,,,,,,,,,,,
developing_tasty_bytes_react_native_application_with_snowflake_sql_api_ja,1,1,https://quickstarts.snowflake.com/guide/tasty_bytes_introduction_ja,tasty_bytes_introduction_ja,https://www.snowflake.com/ja/developers/guides/tasty-bytes-introduction-ja/,,,,,,,,,,,,,,,,,,,,,,,,,,,,,,,,,,,,,,,
devops_dcm_terraform_github,1,2,https://quickstarts.snowflake.com/guide/terraforming_snowflake,terraforming_snowflake,https://www.snowflake.com/en/developers/guides/terraforming-snowflake/,,,,,,,,,,,,,,,,,,,,,,,,,,,,,,,,,,,,,,,
distributed_training_using_pytorch_object_detection_in_snowflake_notebooks,1,4,https://quickstarts.snowflake.com/guide/getting-started-with-running-distributed-pytorch-models-on-snowflake,getting-started-with-running-distributed-pytorch-models-on-snowflake,https://www.snowflake.com/ko/developers/guides/getting-started-with-user-defined-sql-functions-kr/,https://quickstarts.snowflake.com/guide/intro_to_machine_learning_with_snowpark_ml_for_python/#0,intro_to_machine_learning_with_snowpark_ml_for_python,https://www.snowflake.com/en/developers/guides/intro-to-machine-learning-with-snowpark-ml-for-python/,https://quickstarts.snowflake.com/guide/notebook-container-runtime/index.html#0,notebook-container-runtime,https://www.snowflake.com/en/developers/guides/modern-data-stack-with-fivetran-snowflake-salesforce/,https://quickstarts.snowflake.com/guide/scale-embeddings-with-snowflake-notebooks-on-container-runtime/index.html?index=..%2F..index#0,scale-embeddings-with-snowflake-notebooks-on-container-runtime,https://www.snowflake.com/en/developers/guides/schema-lineage-auto-propagation-llm/,,,,,,,,,,,,,,,,,,,,,,,,,,,,,,
e2e-task-graph,1,2,https://quickstarts.snowflake.com/guide/build-ml-models-for-customer-conversions,build-ml-models-for-customer-conversions,https://www.snowflake.com/en/developers/guides/building-a-custom-model-for-anomaly-detection/,https://quickstarts.snowflake.com/guide/end-to-end-ml-workflow/index.html?index=..%2F..index#1,end-to-end-ml-workflow,https://www.snowflake.com/en/developers/guides/end-to-end-machine-learning-with-dataiku/,,,,,,,,,,,,,,,,,,,,,,,,,,,,,,,,,,,,
end-to-end-analytics-with-snowflake-and-power-bi,1,7,https://quickstarts.snowflake.com/guide/getting_started_with_dynamic_tables,getting_started_with_dynamic_tables,https://www.snowflake.com/en/developers/guides/getting-started-with-dynamic-tables/,https://quickstarts.snowflake.com/guide/getting_started_with_horizon_for_data_governance_in_snowflake/index.html?index=..%2F..index#0,getting_started_with_horizon_for_data_governance_in_snowflake,https://www.snowflake.com/en/developers/guides/getting-started-with-horizon-for-data-governance-in-snowflake/,https://quickstarts.snowflake.com/guide/tasty_bytes_introduction/index.html?index=..%2F..index#0,tasty_bytes_introduction,https://www.snowflake.com/en/developers/guides/tasty-bytes-introduction/,https://quickstarts.snowflake.com/guide/tasty_bytes_zero_to_snowflake_collaboration/index.html?index=..%2F..index#0,tasty_bytes_zero_to_snowflake_collaboration,https://www.snowflake.com/pt_br/developers/guides/tasty-bytes-snowpark-101-for-data-science-ptbr/,https://quickstarts.snowflake.com/guide/tasty_bytes_zero_to_snowflake_governance_with_horizon/index.html?index=..%2F..index#0,tasty_bytes_zero_to_snowflake_governance_with_horizon,https://www.snowflake.com/en/developers/guides/tasty-bytes-zero-to-snowflake-governance-with-horizon/,,,,,,,,,,,,,,,,,,,,,,,,,,,
end-to-end-ml-workflow,1,4,https://quickstarts.snowflake.com/guide/defect_detection_using_distributed_pyTorch_with_snowflake_notebooks,defect_detection_using_distributed_pyTorch_with_snowflake_notebooks,https://www.snowflake.com/en/developers/guides/declarative-pipelines-using-dynamic-iceberg-tablesmd/,https://quickstarts.snowflake.com/guide/getting-started-with-running-distributed-pytorch-models-on-snowflake/#0,getting-started-with-running-distributed-pytorch-models-on-snowflake,https://www.snowflake.com/ko/developers/guides/getting-started-with-user-defined-sql-functions-kr/,https://quickstarts.snowflake.com/guide/notebook-container-runtime/index.html#0,notebook-container-runtime,https://www.snowflake.com/en/developers/guides/modern-data-stack-with-fivetran-snowflake-salesforce/,https://quickstarts.snowflake.com/guide/scale-embeddings-with-snowflake-notebooks-on-container-runtime/index.html?index=..%2F..index#3,scale-embeddings-with-snowflake-notebooks-on-container-runtime,https://www.snowflake.com/en/developers/guides/schema-lineage-auto-propagation-llm/,,,,,,,,,,,,,,,,,,,,,,,,,,,,,,
extract_attributes_dicom_files_java_udf,1,2,http://quickstarts.snowflake.com/guide/getting_started_with_unstructured_data,getting_started_with_unstructured_data,https://www.snowflake.com/en/developers/guides/getting-started-with-unstructured-data/,https://quickstarts.snowflake.com/guide/analyze_pdf_invoices_java_udf_snowsight/index.html?index=..%2F..index#0,analyze_pdf_invoices_java_udf_snowsight,https://www.snowflake.com/en/developers/guides/analyze-data-with-r-using-posit-workbench-and-snowflake/,,,,,,,,,,,,,,,,,,,,,,,,,,,,,,,,,,,,
extracting-insights-from-video-with-multimodal-ai-analysis,1,1,https://quickstarts.snowflake.com/guide/getting_started_with_cortex_analyst/,getting_started_with_cortex_analyst/,https://www.snowflake.com/en/developers/guides/getting-started-with-cortex-analyst-in-snowflake/,,,,,,,,,,,,,,,,,,,,,,,,,,,,,,,,,,,,,,,
fine-tune-an-llm-in-snowpark-container-services-with-autotrain,1,4,https://quickstarts.snowflake.com/guide/build_a_data_app_and_run_it_on_Snowpark_container_services,build_a_data_app_and_run_it_on_Snowpark_container_services,https://www.snowflake.com/en/developers/guides/build-a-custom-api-in-python-on-aws/,https://quickstarts.snowflake.com/guide/intro_to_snowpark_container_services/index.html#1,intro_to_snowpark_container_services,https://www.snowflake.com/en/developers/guides/intro-to-snowpark-container-services/,https://quickstarts.snowflake.com/guide/intro_to_snowpark_container_services/index.html?index=..%2F..index#0,intro_to_snowpark_container_services,https://www.snowflake.com/en/developers/guides/intro-to-snowpark-container-services/,,,,,,,,,,,,,,,,,,,,,,,,,,,,,,,,,
gain_insights_from_unstructured_data,1,3,https://quickstarts.snowflake.com/guide/ask_questions_to_your_own_documents_with_snowflake_cortex_search,ask_questions_to_your_own_documents_with_snowflake_cortex_search,https://www.snowflake.com/en/developers/guides/apache-iceberg-snowflake-open-catalog-snowpipe-streaming/,https://quickstarts.snowflake.com/guide/automating_document_processing_workflows_with_document_ai/index.html?index=..%2F..index#0,automating_document_processing_workflows_with_document_ai,https://www.snowflake.com/en/developers/guides/automl-with-snowflake-and-datarobot/,https://quickstarts.snowflake.com/guide/getting_started_with_cortex_analyst/index.html?index=..%2F..index#0,getting_started_with_cortex_analyst,https://www.snowflake.com/en/developers/guides/getting-started-with-cortex-analyst/,,,,,,,,,,,,,,,,,,,,,,,,,,,,,,,,,
geo-for-machine-learning,1,5,https://quickstarts.snowflake.com/guide/geo_analysis_geometry,geo_analysis_geometry,https://www.snowflake.com/en/developers/guides/end-to-end-machine-learning-with-dataiku/,https://quickstarts.snowflake.com/guide/geo_performance/index.html?index=..%2F..index#0,geo_performance,https://www.snowflake.com/en/developers/guides/end-to-end-machine-learning-with-dataiku/,https://quickstarts.snowflake.com/guide/geospatial_analytics_with_snowflake_and_carto_ny/index.html,geospatial_analytics_with_snowflake_and_carto_ny,https://www.snowflake.com/en/developers/guides/end-to-end-machine-learning-with-dataiku/,,,,,,,,,,,,,,,,,,,,,,,,,,,,,,,,,
geo_analysis_geometry,1,2,https://quickstarts.snowflake.com/guide/geo_analysis_telecom,geo_analysis_telecom,https://www.snowflake.com/en/developers/guides/end-to-end-machine-learning-with-dataiku/,https://quickstarts.snowflake.com/guide/geospatial_analytics_with_snowflake_and_carto_ny/index.html,geospatial_analytics_with_snowflake_and_carto_ny,https://www.snowflake.com/en/developers/guides/end-to-end-machine-learning-with-dataiku/,,,,,,,,,,,,,,,,,,,,,,,,,,,,,,,,,,,,
geo_performance,1,3,https://quickstarts.snowflake.com/guide/geo_analysis_geometry,geo_analysis_geometry,https://www.snowflake.com/en/developers/guides/end-to-end-machine-learning-with-dataiku/,https://quickstarts.snowflake.com/guide/geo_analysis_geometry/index.html?index=..%2F..index#0,geo_analysis_geometry,https://www.snowflake.com/en/developers/guides/end-to-end-machine-learning-with-dataiku/,https://quickstarts.snowflake.com/guide/geospatial_analytics_with_snowflake_and_carto_ny/index.html,geospatial_analytics_with_snowflake_and_carto_ny,https://www.snowflake.com/en/developers/guides/end-to-end-machine-learning-with-dataiku/,,,,,,,,,,,,,,,,,,,,,,,,,,,,,,,,,
get-started-snowflake-cortex-knowledge-extensions,1,1,https://quickstarts.snowflake.com/guide/ask_questions_to_your_own_documents_with_snowflake_cortex_search,ask_questions_to_your_own_documents_with_snowflake_cortex_search,https://www.snowflake.com/en/developers/guides/apache-iceberg-snowflake-open-catalog-snowpipe-streaming/,,,,,,,,,,,,,,,,,,,,,,,,,,,,,,,,,,,,,,,
getting-started-openflow-kafka-connector,1,2,https://quickstarts.snowflake.com/guide/getting_started_with_openflow_postgresql_cdc/,getting_started_with_openflow_postgresql_cdc/,https://www.snowflake.com/en/developers/guides/getting-started-with-openflow-for-cdc-on-sql-server/,https://quickstarts.snowflake.com/guide/getting_started_with_openflow_spcs/index.html,getting_started_with_openflow_spcs,https://www.snowflake.com/en/developers/guides/getting-started-with-openflow-for-cdc-on-sql-server/,,,,,,,,,,,,,,,,,,,,,,,,,,,,,,,,,,,,
getting-started-openflow-postgresql-cdc,1,3,https://quickstarts.snowflake.com/guide/getting-started-openflow-spcs,getting-started-openflow-spcs,https://www.snowflake.com/ko/developers/guides/getting-started-with-user-defined-sql-functions-kr/,https://quickstarts.snowflake.com/guide/getting_started_with_Openflow_spcs/index.html,getting_started_with_Openflow_spcs,https://www.snowflake.com/en/developers/guides/getting-started-with-openflow-for-cdc-on-sql-server/,https://quickstarts.snowflake.com/guide/getting_started_with_Openflow_spcs/index.html#10,getting_started_with_Openflow_spcs,https://www.snowflake.com/en/developers/guides/getting-started-with-openflow-for-cdc-on-sql-server/,,,,,,,,,,,,,,,,,,,,,,,,,,,,,,,,,
getting-started-openflow-unstructured-data-pipeline,1,2,https://quickstarts.snowflake.com/guide/getting_started_with_Openflow_spcs,getting_started_with_Openflow_spcs,https://www.snowflake.com/en/developers/guides/getting-started-with-openflow-for-cdc-on-sql-server/,,,,,,,,,,,,,,,,,,,,,,,,,,,,,,,,,,,,,,,
getting-started-with-cortex-aisql,1,1,https://quickstarts.snowflake.com/guide/getting-started-with-cortex-aisql,getting-started-with-cortex-aisql,https://www.snowflake.com/ko/developers/guides/getting-started-with-user-defined-sql-functions-kr/,,,,,,,,,,,,,,,,,,,,,,,,,,,,,,,,,,,,,,,
getting-started-with-feature-store,1,4,https://quickstarts.snowflake.com/guide/develop-and-manage-ml-models-with-feature-store-and-model-registry,develop-and-manage-ml-models-with-feature-store-and-model-registry,https://www.snowflake.com/en/developers/guides/deploying-models-from-azureml-and-sagemaker-to-snowparkml/,https://quickstarts.snowflake.com/guide/overview-of-feature-store-api/index.html?index=..%2F..index#0,overview-of-feature-store-api,https://www.snowflake.com/en/developers/guides/modern-data-stack-with-fivetran-snowflake-salesforce/,,,,,,,,,,,,,,,,,,,,,,,,,,,,,,,,,,,,
getting-started-with-ml-observability-in-snowflake,1,1,https://quickstarts.snowflake.com/guide/intro_to_machine_learning_with_snowpark_ml_for_python,intro_to_machine_learning_with_snowpark_ml_for_python,https://www.snowflake.com/en/developers/guides/intro-to-machine-learning-with-snowpark-ml-for-python/,,,,,,,,,,,,,,,,,,,,,,,,,,,,,,,,,,,,,,,
getting-started-with-openflow-spcs,1,1,https://quickstarts.snowflake.com/guide/getting_started_with_Openflow_unstructured_data_pipeline,getting_started_with_Openflow_unstructured_data_pipeline,https://www.snowflake.com/en/developers/guides/getting-started-with-openflow-for-cdc-on-sql-server/,,,,,,,,,,,,,,,,,,,,,,,,,,,,,,,,,,,,,,,
getting-started-with-running-distributed-pytorch-models-on-snowflake,1,6,https://quickstarts.snowflake.com/guide/defect_detection_using_distributed_pyTorch_with_snowflake_notebooks,defect_detection_using_distributed_pyTorch_with_snowflake_notebooks,https://www.snowflake.com/en/developers/guides/declarative-pipelines-using-dynamic-iceberg-tablesmd/,https://quickstarts.snowflake.com/guide/intro_to_machine_learning_with_snowpark_ml_for_python/#0,intro_to_machine_learning_with_snowpark_ml_for_python,https://www.snowflake.com/en/developers/guides/intro-to-machine-learning-with-snowpark-ml-for-python/,https://quickstarts.snowflake.com/guide/notebook-container-runtime/#0,notebook-container-runtime,https://www.snowflake.com/en/developers/guides/modern-data-stack-with-fivetran-snowflake-salesforce/,https://quickstarts.snowflake.com/guide/notebook-container-runtime/index.html#0,notebook-container-runtime,https://www.snowflake.com/en/developers/guides/modern-data-stack-with-fivetran-snowflake-salesforce/,https://quickstarts.snowflake.com/guide/scale-embeddings-with-snowflake-notebooks-on-container-runtime/#0,scale-embeddings-with-snowflake-notebooks-on-container-runtime,https://www.snowflake.com/en/developers/guides/schema-lineage-auto-propagation-llm/,https://quickstarts.snowflake.com/guide/train-an-xgboost-model-with-gpus-using-snowflake-notebooks/index.html#0,train-an-xgboost-model-with-gpus-using-snowflake-notebooks,https://www.snowflake.com/en/developers/guides/text-embedding-as-snowpark-python-udf/,,,,,,,,,,,,,,,,,,,,,,,,
getting-started-with-snowflake-trail-for-observability,1,21,https://quickstarts.snowflake.com/?cat=observability,,#N/A,https://quickstarts.snowflake.com/guide/alert_on_events/index.html,alert_on_events,https://www.snowflake.com/en/developers/guides/ai-assistant-for-sales-calls/,https://quickstarts.snowflake.com/guide/getting-started-with-ml-observability-in-snowflake/index.html,getting-started-with-ml-observability-in-snowflake,https://www.snowflake.com/ko/developers/guides/getting-started-with-user-defined-sql-functions-kr/,https://quickstarts.snowflake.com/guide/getting-started-with-task-graphs/index.html,getting-started-with-task-graphs,https://www.snowflake.com/ko/developers/guides/getting-started-with-user-defined-sql-functions-kr/,https://quickstarts.snowflake.com/guide/getting_started_with_ai_observability/index.html,getting_started_with_ai_observability,https://www.snowflake.com/en/developers/guides/getting-started-with-ai-observability/,https://quickstarts.snowflake.com/guide/getting_started_with_dynamic_tables/index.html,getting_started_with_dynamic_tables,https://www.snowflake.com/en/developers/guides/getting-started-with-dynamic-tables/,https://quickstarts.snowflake.com/guide/getting_started_with_snowpipe/index.html,getting_started_with_snowpipe,https://www.snowflake.com/en/developers/guides/getting-started-with-snowpipe/,https://quickstarts.snowflake.com/guide/getting_started_with_snowpipe_streaming_azure_eventhubs/index.html,getting_started_with_snowpipe_streaming_azure_eventhubs,https://www.snowflake.com/en/developers/guides/getting-started-with-snowpipe-streaming-azure-eventhubs/,https://quickstarts.snowflake.com/guide/getting_started_with_streams_and_tasks/index.html,getting_started_with_streams_and_tasks,https://www.snowflake.com/en/developers/guides/getting-started-with-streams-and-tasks/,https://quickstarts.snowflake.com/guide/getting_started_with_traces/index.html,getting_started_with_traces,https://www.snowflake.com/en/developers/guides/getting-started-with-traces/,https://quickstarts.snowflake.com/guide/java_trace_events/index.html,java_trace_events,https://www.snowflake.com/en/developers/guides/java-trace-events/,,,,,,,,,
getting-started-with-synthetic-data-and-distillation-for-llms,1,1,https://quickstarts.snowflake.com/guide/asking_questions_to_your_own_documents_with_snowflake_cortex,asking_questions_to_your_own_documents_with_snowflake_cortex,https://www.snowflake.com/en/developers/guides/ask-questions-to-your-own-documents-with-snowflake-cortex-search/,,,,,,,,,,,,,,,,,,,,,,,,,,,,,,,,,,,,,,,
getting-started-with-tool-use-on-cortex-and-anthropic-claude,1,2,https://quickstarts.snowflake.com/,,#N/A,https://quickstarts.snowflake.com/guide/getting_started_with_anthropic_on_snowflake_cortex/index.html?index=..%2F..index#0,getting_started_with_anthropic_on_snowflake_cortex,https://www.snowflake.com/en/developers/guides/getting-started-with-anthropic-on-snowflake-cortex/,,,,,,,,,,,,,,,,,,,,,,,,,,,,,,,,,,,,
getting_started_iceberg_tables,1,2,https://quickstarts.snowflake.com/guide/cortex_ai_sentiment_iceberg,cortex_ai_sentiment_iceberg,https://www.snowflake.com/en/developers/guides/building-geospatial-mult-layer-apps-with-snowflake-and-streamlit/,https://quickstarts.snowflake.com/guide/data_engineering_pipelines_with_snowpark_python/index.html,data_engineering_pipelines_with_snowpark_python,https://www.snowflake.com/en/developers/guides/building-geospatial-mult-layer-apps-with-snowflake-and-streamlit/,,,,,,,,,,,,,,,,,,,,,,,,,,,,,,,,,,,,
getting_started_snowpark_python_machine_learning,1,1,https://quickstarts.snowflake.com/guide/getting_started_with_snowflake,getting_started_with_snowflake,https://www.snowflake.com/en/developers/guides/getting-started-with-snowflake/,,,,,,,,,,,,,,,,,,,,,,,,,,,,,,,,,,,,,,,
getting_started_with_Iceberg_in_OneLake,1,1,https://quickstarts.snowflake.com/guide/getting_started_with_snowflake,getting_started_with_snowflake,https://www.snowflake.com/en/developers/guides/getting-started-with-snowflake/,,,,,,,,,,,,,,,,,,,,,,,,,,,,,,,,,,,,,,,
getting_started_with_amazon_q_business and_cortex,1,2,https://quickstarts.snowflake.com/guide/getting_started_with_bedrock_streamlit_and_snowflake,getting_started_with_bedrock_streamlit_and_snowflake,https://www.snowflake.com/en/developers/guides/getting-started-with-bedrock-streamlit-and-snowflake/,https://quickstarts.snowflake.com/guide/getting_started_with_snowflake/index.html#0,getting_started_with_snowflake,https://www.snowflake.com/en/developers/guides/getting-started-with-snowflake/,,,,,,,,,,,,,,,,,,,,,,,,,,,,,,,,,,,,
getting_started_with_anthropic_on_snowflake_cortex,1,2,https://quickstarts.snowflake.com/guide/automating_document_processing_workflows_with_document_ai,automating_document_processing_workflows_with_document_ai,https://www.snowflake.com/en/developers/guides/automl-with-snowflake-and-datarobot/,https://quickstarts.snowflake.com/guide/getting_started_with_cortex_analyst/index.html?index=..%2F..index#0,getting_started_with_cortex_analyst,https://www.snowflake.com/en/developers/guides/getting-started-with-cortex-analyst/,,,,,,,,,,,,,,,,,,,,,,,,,,,,,,,,,,,,
getting_started_with_audio_sentiment_analysis_using_snowflake_notebooks,1,5,https://quickstarts.snowflake.com/guide/defect_detection_using_distributed_pyTorch_with_snowflake_notebooks,defect_detection_using_distributed_pyTorch_with_snowflake_notebooks,https://www.snowflake.com/en/developers/guides/declarative-pipelines-using-dynamic-iceberg-tablesmd/,https://quickstarts.snowflake.com/guide/getting-started-with-running-distributed-pytorch-models-on-snowflake/#0,getting-started-with-running-distributed-pytorch-models-on-snowflake,https://www.snowflake.com/ko/developers/guides/getting-started-with-user-defined-sql-functions-kr/,https://quickstarts.snowflake.com/guide/notebook-container-runtime/index.html#4,notebook-container-runtime,https://www.snowflake.com/en/developers/guides/modern-data-stack-with-fivetran-snowflake-salesforce/,https://quickstarts.snowflake.com/guide/scale-embeddings-with-snowflake-notebooks-on-container-runtime/index.html,scale-embeddings-with-snowflake-notebooks-on-container-runtime,https://www.snowflake.com/en/developers/guides/schema-lineage-auto-propagation-llm/,https://quickstarts.snowflake.com/guide/train-an-xgboost-model-with-gpus-using-snowflake-notebooks/index.html#0,train-an-xgboost-model-with-gpus-using-snowflake-notebooks,https://www.snowflake.com/en/developers/guides/text-embedding-as-snowpark-python-udf/,,,,,,,,,,,,,,,,,,,,,,,,,,,
getting_started_with_azure_openai_and_snowflake,1,1,https://quickstarts.snowflake.com/guide/getting_started_with_snowflake,getting_started_with_snowflake,https://www.snowflake.com/en/developers/guides/getting-started-with-snowflake/,,,,,,,,,,,,,,,,,,,,,,,,,,,,,,,,,,,,,,,
getting_started_with_azure_openai_streamlit_and_snowflake_for_image_use_cases,1,1,https://quickstarts.snowflake.com/guide/getting_started_with_snowflake,getting_started_with_snowflake,https://www.snowflake.com/en/developers/guides/getting-started-with-snowflake/,,,,,,,,,,,,,,,,,,,,,,,,,,,,,,,,,,,,,,,
getting_started_with_bedrock_agentcore_gateway_and_cortex_agents,1,1,https://quickstarts.snowflake.com/guide/getting_started_with_snowflake,getting_started_with_snowflake,https://www.snowflake.com/en/developers/guides/getting-started-with-snowflake/,,,,,,,,,,,,,,,,,,,,,,,,,,,,,,,,,,,,,,,
getting_started_with_bedrock_streamlit_and_snowflake,1,1,https://quickstarts.snowflake.com/guide/getting_started_with_snowflake,getting_started_with_snowflake,https://www.snowflake.com/en/developers/guides/getting-started-with-snowflake/,,,,,,,,,,,,,,,,,,,,,,,,,,,,,,,,,,,,,,,
getting_started_with_cortex_agents_and_amazon_q,1,1,https://quickstarts.snowflake.com/guide/getting_started_with_snowflake,getting_started_with_snowflake,https://www.snowflake.com/en/developers/guides/getting-started-with-snowflake/,,,,,,,,,,,,,,,,,,,,,,,,,,,,,,,,,,,,,,,
getting_started_with_cortex_search_and_microsoft_fabric,1,1,https://quickstarts.snowflake.com/guide/getting_started_with_snowflake,getting_started_with_snowflake,https://www.snowflake.com/en/developers/guides/getting-started-with-snowflake/,,,,,,,,,,,,,,,,,,,,,,,,,,,,,,,,,,,,,,,
getting_started_with_dataengineering_ml_using_snowpark_python_es,1,2,https://quickstarts.snowflake.com/guide/data_engineering_pipelines_with_snowpark_python,data_engineering_pipelines_with_snowpark_python,https://www.snowflake.com/en/developers/guides/building-geospatial-mult-layer-apps-with-snowflake-and-streamlit/,https://quickstarts.snowflake.com/guide/getting_started_snowpark_machine_learning/index.html,getting_started_snowpark_machine_learning,https://www.snowflake.com/en/developers/guides/end-to-end-machine-learning-with-dataiku/,,,,,,,,,,,,,,,,,,,,,,,,,,,,,,,,,,,,
getting_started_with_dataengineering_ml_using_snowpark_python_fr,1,2,https://quickstarts.snowflake.com/guide/data_engineering_pipelines_with_snowpark_python,data_engineering_pipelines_with_snowpark_python,https://www.snowflake.com/en/developers/guides/building-geospatial-mult-layer-apps-with-snowflake-and-streamlit/,https://quickstarts.snowflake.com/guide/getting_started_snowpark_machine_learning/index.html,getting_started_snowpark_machine_learning,https://www.snowflake.com/en/developers/guides/end-to-end-machine-learning-with-dataiku/,,,,,,,,,,,,,,,,,,,,,,,,,,,,,,,,,,,,
getting_started_with_dataengineering_ml_using_snowpark_python_it,1,2,https://quickstarts.snowflake.com/guide/data_engineering_pipelines_with_snowpark_python,data_engineering_pipelines_with_snowpark_python,https://www.snowflake.com/en/developers/guides/building-geospatial-mult-layer-apps-with-snowflake-and-streamlit/,https://quickstarts.snowflake.com/guide/getting_started_snowpark_machine_learning/index.html,getting_started_snowpark_machine_learning,https://www.snowflake.com/en/developers/guides/end-to-end-machine-learning-with-dataiku/,,,,,,,,,,,,,,,,,,,,,,,,,,,,,,,,,,,,
getting_started_with_dataengineering_ml_using_snowpark_python_ja,1,2,https://quickstarts.snowflake.com/guide/data_engineering_pipelines_with_snowpark_python,data_engineering_pipelines_with_snowpark_python,https://www.snowflake.com/en/developers/guides/building-geospatial-mult-layer-apps-with-snowflake-and-streamlit/,https://quickstarts.snowflake.com/guide/getting_started_snowpark_machine_learning/index.html,getting_started_snowpark_machine_learning,https://www.snowflake.com/en/developers/guides/end-to-end-machine-learning-with-dataiku/,,,,,,,,,,,,,,,,,,,,,,,,,,,,,,,,,,,,
getting_started_with_dataengineering_ml_using_snowpark_python_kr,1,1,https://quickstarts.snowflake.com/guide/getting_started_snowpark_machine_learning,getting_started_snowpark_machine_learning,https://www.snowflake.com/en/developers/guides/end-to-end-machine-learning-with-dataiku/,,,,,,,,,,,,,,,,,,,,,,,,,,,,,,,,,,,,,,,
getting_started_with_dataengineering_ml_using_snowpark_python_ptbr,1,2,https://quickstarts.snowflake.com/guide/data_engineering_pipelines_with_snowpark_python,data_engineering_pipelines_with_snowpark_python,https://www.snowflake.com/en/developers/guides/building-geospatial-mult-layer-apps-with-snowflake-and-streamlit/,https://quickstarts.snowflake.com/guide/getting_started_snowpark_machine_learning/index.html,getting_started_snowpark_machine_learning,https://www.snowflake.com/en/developers/guides/end-to-end-machine-learning-with-dataiku/,,,,,,,,,,,,,,,,,,,,,,,,,,,,,,,,,,,,
getting_started_with_devops_in_snowflake,1,6,https://quickstarts.snowflake.com/guide/data_engineering_pipelines_with_snowpark_python,data_engineering_pipelines_with_snowpark_python,https://www.snowflake.com/en/developers/guides/building-geospatial-mult-layer-apps-with-snowflake-and-streamlit/,https://quickstarts.snowflake.com/guide/data_engineering_pipelines_with_snowpark_python/#9,data_engineering_pipelines_with_snowpark_python,https://www.snowflake.com/en/developers/guides/building-geospatial-mult-layer-apps-with-snowflake-and-streamlit/,https://quickstarts.snowflake.com/guide/data_engineering_with_snowpark_python_intro/index.html,data_engineering_with_snowpark_python_intro,https://www.snowflake.com/en/developers/guides/building-geospatial-mult-layer-apps-with-snowflake-and-streamlit/,https://quickstarts.snowflake.com/guide/devops_dcm_schemachange_github/#0,devops_dcm_schemachange_github,https://www.snowflake.com/en/developers/guides/devops-dcm-schemachange-github/,https://quickstarts.snowflake.com/guide/devops_dcm_terraform_github/#0,devops_dcm_terraform_github,https://www.snowflake.com/en/developers/guides/devops-dcm-terraform-github/,,,,,,,,,,,,,,,,,,,,,,,,,,,
getting_started_with_distributed_multi_node_multi_gpu_audio_transcription_with_snowflake_ml_container_runtime,1,11,https://quickstarts.snowflake.com/guide/defect_detection_using_distributed_pyTorch_with_snowflake_notebooks,defect_detection_using_distributed_pyTorch_with_snowflake_notebooks,https://www.snowflake.com/en/developers/guides/declarative-pipelines-using-dynamic-iceberg-tablesmd/,https://quickstarts.snowflake.com/guide/defect_detection_using_distributed_pyTorch_with_snowflake_notebooks/index.html?index=..%2F..index#0,defect_detection_using_distributed_pyTorch_with_snowflake_notebooks,https://www.snowflake.com/en/developers/guides/declarative-pipelines-using-dynamic-iceberg-tablesmd/,https://quickstarts.snowflake.com/guide/end-to-end-ml-workflow/index.html?index=..%2F..index#1,end-to-end-ml-workflow,https://www.snowflake.com/en/developers/guides/end-to-end-machine-learning-with-dataiku/,https://quickstarts.snowflake.com/guide/getting-started-with-running-distributed-pytorch-models-on-snowflake/,getting-started-with-running-distributed-pytorch-models-on-snowflake,https://www.snowflake.com/ko/developers/guides/getting-started-with-user-defined-sql-functions-kr/,https://quickstarts.snowflake.com/guide/getting-started-with-running-distributed-pytorch-models-on-snowflake/#0,getting-started-with-running-distributed-pytorch-models-on-snowflake,https://www.snowflake.com/ko/developers/guides/getting-started-with-user-defined-sql-functions-kr/,https://quickstarts.snowflake.com/guide/intro_to_machine_learning_with_snowpark_ml_for_python/#0,intro_to_machine_learning_with_snowpark_ml_for_python,https://www.snowflake.com/en/developers/guides/intro-to-machine-learning-with-snowpark-ml-for-python/,https://quickstarts.snowflake.com/guide/notebook-container-runtime/index.html#0,notebook-container-runtime,https://www.snowflake.com/en/developers/guides/modern-data-stack-with-fivetran-snowflake-salesforce/,https://quickstarts.snowflake.com/guide/scale-embeddings-with-snowflake-notebooks-on-container-runtime,#VALUE!,,https://quickstarts.snowflake.com/guide/scale-embeddings-with-snowflake-notebooks-on-container-runtime/index.html?index=..%2F..index#0,scale-embeddings-with-snowflake-notebooks-on-container-runtime,https://www.snowflake.com/en/developers/guides/schema-lineage-auto-propagation-llm/,https://quickstarts.snowflake.com/guide/train-an-xgboost-model-with-gpus-using-snowflake-notebooks/index.html#0,train-an-xgboost-model-with-gpus-using-snowflake-notebooks,https://www.snowflake.com/en/developers/guides/text-embedding-as-snowpark-python-udf/,,,,,,,,,,,,
getting_started_with_dynamic_tables/kafka_docker_setup,1,1,https://quickstarts.snowflake.com/guide/getting_started_with_dynamic_tables,getting_started_with_dynamic_tables,https://www.snowflake.com/en/developers/guides/getting-started-with-dynamic-tables/,,,,,,,,,,,,,,,,,,,,,,,,,,,,,,,,,,,,,,,
getting_started_with_multimodal_analysis_on_snowflake_cortex,1,2,https://quickstarts.snowflake.com/guide/getting-started-with-tool-use-on-cortex-and-anthropic-claude,getting-started-with-tool-use-on-cortex-and-anthropic-claude,https://www.snowflake.com/ko/developers/guides/getting-started-with-user-defined-sql-functions-kr/,https://quickstarts.snowflake.com/guide/getting_started_with_anthropic_on_snowflake_cortex/index.html?index=..%2F..index#0,getting_started_with_anthropic_on_snowflake_cortex,https://www.snowflake.com/en/developers/guides/getting-started-with-anthropic-on-snowflake-cortex/,,,,,,,,,,,,,,,,,,,,,,,,,,,,,,,,,,,,
getting_started_with_native_apps,1,1,https://quickstarts.snowflake.com/guide/native-app-chairlift,native-app-chairlift,https://www.snowflake.com/en/developers/guides/ml-with-snowpark-and-apache-airflow/,,,,,,,,,,,,,,,,,,,,,,,,,,,,,,,,,,,,,,,
getting_started_with_ocr_and_rag_with_snowflake_notebooks,1,1,https://quickstarts.snowflake.com/guide/ask_questions_to_your_own_documents_with_snowflake_cortex_search,ask_questions_to_your_own_documents_with_snowflake_cortex_search,https://www.snowflake.com/en/developers/guides/apache-iceberg-snowflake-open-catalog-snowpipe-streaming/,,,,,,,,,,,,,,,,,,,,,,,,,,,,,,,,,,,,,,,
getting_started_with_openflow_for_cdc_on_sql_server,1,3,https://quickstarts.snowflake.com/guide/getting_started_with_Openflow_spcs,getting_started_with_Openflow_spcs,https://www.snowflake.com/en/developers/guides/getting-started-with-openflow-for-cdc-on-sql-server/,https://quickstarts.snowflake.com/guide/getting_started_with_Openflow_spcs/index.html?index=..%2F..index#5,getting_started_with_Openflow_spcs,https://www.snowflake.com/en/developers/guides/getting-started-with-openflow-for-cdc-on-sql-server/,https://quickstarts.snowflake.com/guide/getting_started_with_Openflow_unstructured_data_pipeline/index.html?index=..%2F..index#1,getting_started_with_Openflow_unstructured_data_pipeline,https://www.snowflake.com/en/developers/guides/getting-started-with-openflow-for-cdc-on-sql-server/,,,,,,,,,,,,,,,,,,,,,,,,,,,,,,,,,
getting_started_with_pandas_on_snowflake,1,1,https://quickstarts.snowflake.com/guide/data_engineering_pipelines_with_snowpark_pandas/,data_engineering_pipelines_with_snowpark_pandas/,https://www.snowflake.com/en/developers/guides/building-geospatial-mult-layer-apps-with-snowflake-and-streamlit/,,,,,,,,,,,,,,,,,,,,,,,,,,,,,,,,,,,,,,,
getting_started_with_sagemaker_canvas_with_snowflake_for_genai,1,1,https://quickstarts.snowflake.com/guide/getting_started_with_snowflake,getting_started_with_snowflake,https://www.snowflake.com/en/developers/guides/getting-started-with-snowflake/,,,,,,,,,,,,,,,,,,,,,,,,,,,,,,,,,,,,,,,
getting_started_with_snowflake_agents_api_and_react,1,3,https://quickstarts.snowflake.com/guide/getting_started_with_cortex_agents,getting_started_with_cortex_agents,https://www.snowflake.com/en/developers/guides/getting-started-with-cortex-agents/,https://quickstarts.snowflake.com/guide/integrate_snowflake_cortex_agents_with_microsoft_teams/index.html,integrate_snowflake_cortex_agents_with_microsoft_teams,https://www.snowflake.com/en/developers/guides/integrate-snowflake-cortex-agents-with-zoom/,https://quickstarts.snowflake.com/guide/integrate_snowflake_cortex_agents_with_slack/index.html,integrate_snowflake_cortex_agents_with_slack,https://www.snowflake.com/en/developers/guides/integrate-snowflake-cortex-agents-with-zoom/,,,,,,,,,,,,,,,,,,,,,,,,,,,,,,,,,
getting_started_with_snowflake_and_aws_kdf,1,3,https://quickstarts.snowflake.com/,,#N/A,https://quickstarts.snowflake.com/guide/getting_started_with_amg_and_streamlit_on_real-time_dashboarding/,getting_started_with_amg_and_streamlit_on_real-time_dashboarding,https://www.snowflake.com/en/developers/guides/getting-started-with-amazon-q-business-and-cortex/,,,,,,,,,,,,,,,,,,,,,,,,,,,,,,,,,,,,
getting_started_with_snowflake_and_bigquery_via_iceberg,1,2,https://quickstarts.snowflake.com/guide/getting_started_iceberg_tables,getting_started_iceberg_tables,https://www.snowflake.com/en/developers/guides/end-to-end-machine-learning-with-dataiku/,https://quickstarts.snowflake.com/guide/getting_started_with_snowflake/index.html#0,getting_started_with_snowflake,https://www.snowflake.com/en/developers/guides/getting-started-with-snowflake/,,,,,,,,,,,,,,,,,,,,,,,,,,,,,,,,,,,,
getting_started_with_snowpark_for_machine_learning_on_azureml,1,1,https://quickstarts.snowflake.com/guide/getting_started_with_snowflake,getting_started_with_snowflake,https://www.snowflake.com/en/developers/guides/getting-started-with-snowflake/,,,,,,,,,,,,,,,,,,,,,,,,,,,,,,,,,,,,,,,
getting_started_with_snowpark_for_machine_learning_on_sagemaker,1,1,https://quickstarts.snowflake.com/guide/getting_started_with_snowflake,getting_started_with_snowflake,https://www.snowflake.com/en/developers/guides/getting-started-with-snowflake/,,,,,,,,,,,,,,,,,,,,,,,,,,,,,,,,,,,,,,,
getting_started_with_snowpark_for_machine_learning_on_vertexai,1,1,https://quickstarts.snowflake.com/guide/getting_started_with_snowflake,getting_started_with_snowflake,https://www.snowflake.com/en/developers/guides/getting-started-with-snowflake/,,,,,,,,,,,,,,,,,,,,,,,,,,,,,,,,,,,,,,,
getting_started_with_snowpark_in_snowflake_python_worksheets,1,3,https://quickstarts.snowflake.com/guide/data_engineering_pipelines_with_snowpark_python,data_engineering_pipelines_with_snowpark_python,https://www.snowflake.com/en/developers/guides/building-geospatial-mult-layer-apps-with-snowflake-and-streamlit/,https://quickstarts.snowflake.com/guide/getting_started_snowpark_machine_learning/index.html,getting_started_snowpark_machine_learning,https://www.snowflake.com/en/developers/guides/end-to-end-machine-learning-with-dataiku/,https://quickstarts.snowflake.com/guide/getting_started_with_dataengineering_ml_using_snowpark_python/index.html,getting_started_with_dataengineering_ml_using_snowpark_python,https://www.snowflake.com/en/developers/guides/getting-started-with-dataengineering-ml-using-snowpark-python/,,,,,,,,,,,,,,,,,,,,,,,,,,,,,,,,,
getting_started_with_snowpark_in_snowflake_python_worksheets_es,1,2,https://quickstarts.snowflake.com/guide/data_engineering_pipelines_with_snowpark_python,data_engineering_pipelines_with_snowpark_python,https://www.snowflake.com/en/developers/guides/building-geospatial-mult-layer-apps-with-snowflake-and-streamlit/,https://quickstarts.snowflake.com/guide/getting_started_snowpark_machine_learning/index.html,getting_started_snowpark_machine_learning,https://www.snowflake.com/en/developers/guides/end-to-end-machine-learning-with-dataiku/,,,,,,,,,,,,,,,,,,,,,,,,,,,,,,,,,,,,
getting_started_with_snowpark_in_snowflake_python_worksheets_fr,1,2,https://quickstarts.snowflake.com/guide/data_engineering_pipelines_with_snowpark_python,data_engineering_pipelines_with_snowpark_python,https://www.snowflake.com/en/developers/guides/building-geospatial-mult-layer-apps-with-snowflake-and-streamlit/,https://quickstarts.snowflake.com/guide/getting_started_snowpark_machine_learning/index.html,getting_started_snowpark_machine_learning,https://www.snowflake.com/en/developers/guides/end-to-end-machine-learning-with-dataiku/,,,,,,,,,,,,,,,,,,,,,,,,,,,,,,,,,,,,
getting_started_with_snowpark_in_snowflake_python_worksheets_it,1,2,https://quickstarts.snowflake.com/guide/data_engineering_pipelines_with_snowpark_python,data_engineering_pipelines_with_snowpark_python,https://www.snowflake.com/en/developers/guides/building-geospatial-mult-layer-apps-with-snowflake-and-streamlit/,https://quickstarts.snowflake.com/guide/getting_started_snowpark_machine_learning/index.html,getting_started_snowpark_machine_learning,https://www.snowflake.com/en/developers/guides/end-to-end-machine-learning-with-dataiku/,,,,,,,,,,,,,,,,,,,,,,,,,,,,,,,,,,,,
getting_started_with_snowpark_in_snowflake_python_worksheets_ja,1,3,https://quickstarts.snowflake.com/guide/data_engineering_pipelines_with_snowpark_python,data_engineering_pipelines_with_snowpark_python,https://www.snowflake.com/en/developers/guides/building-geospatial-mult-layer-apps-with-snowflake-and-streamlit/,https://quickstarts.snowflake.com/guide/getting_started_snowpark_machine_learning/index.html,getting_started_snowpark_machine_learning,https://www.snowflake.com/en/developers/guides/end-to-end-machine-learning-with-dataiku/,https://quickstarts.snowflake.com/guide/getting_started_with_dataengineering_ml_using_snowpark_python/index.html,getting_started_with_dataengineering_ml_using_snowpark_python,https://www.snowflake.com/en/developers/guides/getting-started-with-dataengineering-ml-using-snowpark-python/,,,,,,,,,,,,,,,,,,,,,,,,,,,,,,,,,
getting_started_with_snowpark_in_snowflake_python_worksheets_kr,1,1,https://quickstarts.snowflake.com/guide/getting_started_snowpark_machine_learning,getting_started_snowpark_machine_learning,https://www.snowflake.com/en/developers/guides/end-to-end-machine-learning-with-dataiku/,,,,,,,,,,,,,,,,,,,,,,,,,,,,,,,,,,,,,,,
getting_started_with_snowpark_in_snowflake_python_worksheets_ptbr,1,1,https://quickstarts.snowflake.com/guide/data_engineering_pipelines_with_snowpark_python,data_engineering_pipelines_with_snowpark_python,https://www.snowflake.com/en/developers/guides/building-geospatial-mult-layer-apps-with-snowflake-and-streamlit/,,,,,,,,,,,,,,,,,,,,,,,,,,,,,,,,,,,,,,,
getting_started_with_snowpark_python,1,1,https://quickstarts.snowflake.com/guide/getting_started_with_snowflake,getting_started_with_snowflake,https://www.snowflake.com/en/developers/guides/getting-started-with-snowflake/,,,,,,,,,,,,,,,,,,,,,,,,,,,,,,,,,,,,,,,
getting_started_with_snowpark_python_scikit,1,2,https://quickstarts.snowflake.com/guide/data_engineering_pipelines_with_snowpark_python/,data_engineering_pipelines_with_snowpark_python/,https://www.snowflake.com/en/developers/guides/building-geospatial-mult-layer-apps-with-snowflake-and-streamlit/,https://quickstarts.snowflake.com/guide/getting_started_snowpark_machine_learning/index.html,getting_started_snowpark_machine_learning,https://www.snowflake.com/en/developers/guides/end-to-end-machine-learning-with-dataiku/,,,,,,,,,,,,,,,,,,,,,,,,,,,,,,,,,,,,
getting_started_with_snowpipe_streaming_aws_msk,1,3,https://quickstarts.snowflake.com/,,#N/A,https://quickstarts.snowflake.com/guide/getting_started_with_amg_and_streamlit_on_real-time_dashboarding/,getting_started_with_amg_and_streamlit_on_real-time_dashboarding,https://www.snowflake.com/en/developers/guides/getting-started-with-amazon-q-business-and-cortex/,,,,,,,,,,,,,,,,,,,,,,,,,,,,,,,,,,,,
getting_started_with_snowpipe_streaming_azure_eventhubs,1,1,https://quickstarts.snowflake.com/,,#N/A,,,,,,,,,,,,,,,,,,,,,,,,,,,,,,,,,,,,,,,
getting_started_with_traces,1,2,https://quickstarts.snowflake.com/guide/alert_on_events,alert_on_events,https://www.snowflake.com/en/developers/guides/ai-assistant-for-sales-calls/,https://quickstarts.snowflake.com/guide/getting_started_with_snowflake_notebooks/index.html,getting_started_with_snowflake_notebooks,https://www.snowflake.com/en/developers/guides/getting-started-with-snowflake-notebooks/,,,,,,,,,,,,,,,,,,,,,,,,,,,,,,,,,,,,
getting_started_with_unstructured_data,1,1,https://quickstarts.snowflake.com/guide/getting_started_with_snowsql,getting_started_with_snowsql,https://www.snowflake.com/en/developers/guides/getting-started-with-snowsql/,,,,,,,,,,,,,,,,,,,,,,,,,,,,,,,,,,,,,,,
hex_snowflake_vhol_q4_2024,1,2,https://quickstarts.snowflake.com/guide/customer_reviews_analytics_using_snowflake_cortex,customer_reviews_analytics_using_snowflake_cortex,https://www.snowflake.com/en/developers/guides/building-geospatial-mult-layer-apps-with-snowflake-and-streamlit/,https://quickstarts.snowflake.com/guide/getting_started_with_synthetic_data_and_distillation_for_llms/#0,getting_started_with_synthetic_data_and_distillation_for_llms,https://www.snowflake.com/en/developers/guides/getting-started-with-streams-and-tasks/,,,,,,,,,,,,,,,,,,,,,,,,,,,,,,,,,,,,
horizon-intra-org-sharing,1,4,https://quickstarts.snowflake.com/guide/getting_started_iceberg_tables,getting_started_iceberg_tables,https://www.snowflake.com/en/developers/guides/end-to-end-machine-learning-with-dataiku/,https://quickstarts.snowflake.com/guide/getting_started_with_native_apps/index.html?index=..%2F..index#0,getting_started_with_native_apps,https://www.snowflake.com/en/developers/guides/getting-started-with-native-apps/,https://quickstarts.snowflake.com/guide/tasty_bytes_introduction/index.html#0,tasty_bytes_introduction,https://www.snowflake.com/en/developers/guides/tasty-bytes-introduction/,https://quickstarts.snowflake.com/guide/tasty_bytes_introduction/index.html#3,tasty_bytes_introduction,https://www.snowflake.com/en/developers/guides/tasty-bytes-introduction/,,,,,,,,,,,,,,,,,,,,,,,,,,,,,,
how_to_accelerate_data_warehouse_migrations_with_snowconvert_ai,1,1,https://quickstarts.snowflake.com/guide/end2endmigration,end2endmigration,https://www.snowflake.com/en/developers/guides/end-to-end-machine-learning-with-dataiku/,,,,,,,,,,,,,,,,,,,,,,,,,,,,,,,,,,,,,,,
hybrid-tables-jmeter-performance-testing,1,1,https://quickstarts.snowflake.com/guide/getting_started_with_hybrid_tables/,getting_started_with_hybrid_tables/,https://www.snowflake.com/en/developers/guides/getting-started-with-hybrid-tables/,,,,,,,,,,,,,,,,,,,,,,,,,,,,,,,,,,,,,,,
hybrid_tables_performance_optimization_primer,1,2,https://quickstarts.snowflake.com/guide/getting_started_with_hybrid_tables/,getting_started_with_hybrid_tables/,https://www.snowflake.com/en/developers/guides/getting-started-with-hybrid-tables/,https://quickstarts.snowflake.com/guide/hybrid-tables-jmeter-performance-testing/index.html#0,hybrid-tables-jmeter-performance-testing,https://www.snowflake.com/en/developers/guides/hybrid-tables-performance-optimization-primer/,,,,,,,,,,,,,,,,,,,,,,,,,,,,,,,,,,,,
integrate_cortex_agents_with_microsoft_teams,1,1,https://quickstarts.snowflake.com/guide/getting_started_with_the_microsoft_teams_and_365_copilot_cortex_app,getting_started_with_the_microsoft_teams_and_365_copilot_cortex_app,https://www.snowflake.com/en/developers/guides/getting-started-with-the-microsoft-teams-and-365-copilot-cortex-app/,,,,,,,,,,,,,,,,,,,,,,,,,,,,,,,,,,,,,,,
integrating_tasty_bytes_location_recommendation_ml_model_into_the_react_native_data_app_ja,1,2,https://quickstarts.snowflake.com/guide/tasty_bytes_introduction_ja,tasty_bytes_introduction_ja,https://www.snowflake.com/ja/developers/guides/tasty-bytes-introduction-ja/,https://quickstarts.snowflake.com/guide/tasty_bytes_snowpark_101_for_data_science,,,,,,,,,,,,,,,,,,,,,,,,,,,,,,,,,,,,,,
interfacing_with_arcgis,1,3,https://quickstarts.snowflake.com/guide/geo-for-machine-learning,geo-for-machine-learning,https://www.snowflake.com/en/developers/guides/end-to-end-machine-learning-with-dataiku/,https://quickstarts.snowflake.com/guide/getting_started_with_geospatial_geography/index.html,getting_started_with_geospatial_geography,https://www.snowflake.com/en/developers/guides/getting-started-with-geospatial-geography/,https://quickstarts.snowflake.com/guide/getting_started_with_snowflake_notebooks/index.html,getting_started_with_snowflake_notebooks,https://www.snowflake.com/en/developers/guides/getting-started-with-snowflake-notebooks/,,,,,,,,,,,,,,,,,,,,,,,,,,,,,,,,,
intro_to_machine_learning_with_snowpark_ml_for_python,1,1,https://quickstarts.snowflake.com/guide/end-to-end-ml-workflow/#0,end-to-end-ml-workflow/#0,https://www.snowflake.com/en/developers/guides/end-to-end-machine-learning-with-dataiku/,,,,,,,,,,,,,,,,,,,,,,,,,,,,,,,,,,,,,,,
leveraging_kumo_for_smarter_recommendations,1,1,https://quickstarts.snowflake.com/guide/getting\_started\_with\_snowflake,getting\_started\_with\_snowflake,https://www.snowflake.com/ko/developers/guides/getting-started-with-user-defined-sql-functions-kr/,,,,,,,,,,,,,,,,,,,,,,,,,,,,,,,,,,,,,,,
machine_learning_with_snowpark_python,1,2,https://quickstarts.snowflake.com/guide/getting_started_with_snowpark_python,getting_started_with_snowpark_python,https://www.snowflake.com/en/developers/guides/getting-started-with-snowpark-python/,,,,,,,,,,,,,,,,,,,,,,,,,,,,,,,,,,,,,,,
many-model-inference-in-snowflake,1,3,https://quickstarts.snowflake.com/guide/partitioned-ml-model,partitioned-ml-model,https://www.snowflake.com/en/developers/guides/modern-data-stack-with-fivetran-snowflake-salesforce/,,,,,,,,,,,,,,,,,,,,,,,,,,,,,,,,,,,,,,,
marketing_data_foundation_starter,1,1,https://quickstarts.snowflake.com/guide/getting-started-with-snowflake-cli,getting-started-with-snowflake-cli,https://www.snowflake.com/ko/developers/guides/getting-started-with-user-defined-sql-functions-kr/,,,,,,,,,,,,,,,,,,,,,,,,,,,,,,,,,,,,,,,
mcp-server-for-cortex-agents,1,1,https://quickstarts.snowflake.com/guide/getting_started_with_cortex_agents,getting_started_with_cortex_agents,https://www.snowflake.com/en/developers/guides/getting-started-with-cortex-agents/,,,,,,,,,,,,,,,,,,,,,,,,,,,,,,,,,,,,,,,
ml-feature-creation,1,1,https://quickstarts.snowflake.com/guide/notebook-container-runtime,notebook-container-runtime,https://www.snowflake.com/en/developers/guides/modern-data-stack-with-fivetran-snowflake-salesforce/,,,,,,,,,,,,,,,,,,,,,,,,,,,,,,,,,,,,,,,
movie_recommendation_chatbot_powered_by_kumo,1,1,https://quickstarts.snowflake.com/guide/leveraging_kumo_for_smarter_recommendations,leveraging_kumo_for_smarter_recommendations,https://www.snowflake.com/en/developers/guides/leveraging-kumo-for-smarter-recommendations/,,,,,,,,,,,,,,,,,,,,,,,,,,,,,,,,,,,,,,,
native-app-chairlift,1,1,https://quickstarts.snowflake.com/guide/getting_started_with_native_apps/,getting_started_with_native_apps/,https://www.snowflake.com/en/developers/guides/getting-started-with-native-apps/,,,,,,,,,,,,,,,,,,,,,,,,,,,,,,,,,,,,,,,
notebook-container-runtime,1,8,https://quickstarts.snowflake.com/guide/defect_detection_using_distributed_pyTorch_with_snowflake_notebooks,defect_detection_using_distributed_pyTorch_with_snowflake_notebooks,https://www.snowflake.com/en/developers/guides/declarative-pipelines-using-dynamic-iceberg-tablesmd/,https://quickstarts.snowflake.com/guide/defect_detection_using_distributed_pyTorch_with_snowflake_notebooks/,defect_detection_using_distributed_pyTorch_with_snowflake_notebooks,https://www.snowflake.com/en/developers/guides/declarative-pipelines-using-dynamic-iceberg-tablesmd/,https://quickstarts.snowflake.com/guide/getting-started-with-running-distributed-pytorch-models-on-snowflake/,getting-started-with-running-distributed-pytorch-models-on-snowflake,https://www.snowflake.com/ko/developers/guides/getting-started-with-user-defined-sql-functions-kr/,https://quickstarts.snowflake.com/guide/intro_to_machine_learning_with_snowpark_ml_for_python/#0,intro_to_machine_learning_with_snowpark_ml_for_python,https://www.snowflake.com/en/developers/guides/intro-to-machine-learning-with-snowpark-ml-for-python/,https://quickstarts.snowflake.com/guide/scale-embeddings-with-snowflake-notebooks-on-container-runtime,#VALUE!,#VALUE!,https://quickstarts.snowflake.com/guide/scale-embeddings-with-snowflake-notebooks-on-container-runtime/index.html?index=..%2F..index#0,scale-embeddings-with-snowflake-notebooks-on-container-runtime,https://www.snowflake.com/en/developers/guides/schema-lineage-auto-propagation-llm/,https://quickstarts.snowflake.com/guide/train-an-xgboost-model-with-gpus-using-snowflake-notebooks/index.html#0,train-an-xgboost-model-with-gpus-using-snowflake-notebooks,https://www.snowflake.com/en/developers/guides/text-embedding-as-snowpark-python-udf/,,,,,,,,,,,,,,,,,,,,,
notebook-llama32v,1,1,https://quickstarts.snowflake.com/guide/notebook-container-runtime/,notebook-container-runtime/,https://www.snowflake.com/en/developers/guides/modern-data-stack-with-fivetran-snowflake-salesforce/,,,,,,,,,,,,,,,,,,,,,,,,,,,,,,,,,,,,,,,
overview-of-feature-store-api,1,4,https://quickstarts.snowflake.com/guide/develop-and-manage-ml-models-with-feature-store-and-model-registry,develop-and-manage-ml-models-with-feature-store-and-model-registry,https://www.snowflake.com/en/developers/guides/deploying-models-from-azureml-and-sagemaker-to-snowparkml/,https://quickstarts.snowflake.com/guide/intro-to-feature-store/index.html#0,intro-to-feature-store,https://www.snowflake.com/en/developers/guides/intro-to-snowpark-container-services-with-python-api/,,,,,,,,,,,,,,,,,,,,,,,,,,,,,,,,,,,,
parsing_semi_structured_data_with_coalesce,1,1,https://quickstarts.snowflake.com/guide/transform_your_data_with_coalesce,transform_your_data_with_coalesce,https://www.snowflake.com/en/developers/guides/transform-your-data-with-coalesce/,,,,,,,,,,,,,,,,,,,,,,,,,,,,,,,,,,,,,,,
processing_hl7_fhir_messages_with_snowflake,1,1,https://quickstarts.snowflake.com/guide/getting_started_with_snowsql,getting_started_with_snowsql,https://www.snowflake.com/en/developers/guides/getting-started-with-snowsql/,,,,,,,,,,,,,,,,,,,,,,,,,,,,,,,,,,,,,,,
processing_hl7_v2_messages_with_snowflake,1,1,https://quickstarts.snowflake.com/guide/getting_started_with_snowsql,getting_started_with_snowsql,https://www.snowflake.com/en/developers/guides/getting-started-with-snowsql/,,,,,,,,,,,,,,,,,,,,,,,,,,,,,,,,,,,,,,,
reach_and_frequency_queries,1,1,https://quickstarts.snowflake.com/guide/build_an_ad_tag_in_python_on_aws,build_an_ad_tag_in_python_on_aws,https://www.snowflake.com/en/developers/guides/build-an-ad-tag-in-python-on-aws/,,,,,,,,,,,,,,,,,,,,,,,,,,,,,,,,,,,,,,,
redpanda-connect-ingestion-with-snowpipe-streaming,1,1,https://quickstarts.snowflake.com/,,#N/A,,,,,,,,,,,,,,,,,,,,,,,,,,,,,,,,,,,,,,,
retail_snowflake_intelligence,1,1,https://quickstarts.snowflake.com/,,#N/A,,,,,,,,,,,,,,,,,,,,,,,,,,,,,,,,,,,,,,,
sap_accounts_receivable_to_snowflake_using_adf,1,2,https://quickstarts.snowflake.com/guide/data_teams_with_dbt_core,data_teams_with_dbt_core,https://www.snowflake.com/en/developers/guides/data-teams-with-dbt-core/,https://quickstarts.snowflake.com/guide/getting_started_with_snowflake/index.html#0,getting_started_with_snowflake,https://www.snowflake.com/en/developers/guides/getting-started-with-snowflake/,,,,,,,,,,,,,,,,,,,,,,,,,,,,,,,,,,,,
scale-embeddings-with-snowflake-notebooks-on-container-runtime,1,5,https://quickstarts.snowflake.com/guide/defect_detection_using_distributed_pyTorch_with_snowflake_notebooks,defect_detection_using_distributed_pyTorch_with_snowflake_notebooks,https://www.snowflake.com/en/developers/guides/declarative-pipelines-using-dynamic-iceberg-tablesmd/,https://quickstarts.snowflake.com/guide/getting-started-with-running-distributed-pytorch-models-on-snowflake/#0,getting-started-with-running-distributed-pytorch-models-on-snowflake,https://www.snowflake.com/ko/developers/guides/getting-started-with-user-defined-sql-functions-kr/,https://quickstarts.snowflake.com/guide/notebook-container-runtime/index.html#0,notebook-container-runtime,https://www.snowflake.com/en/developers/guides/modern-data-stack-with-fivetran-snowflake-salesforce/,https://quickstarts.snowflake.com/guide/scale-embeddings-with-snowflake-notebooks-on-container-runtime/img/d7e8912c0a95ae06.png?_ga=2.243977933.970314110.1758562613-1806211272.1741193538&_gac=1.82971236.1758675992.CjwKCAjwisnGBhAXEiwA0zEOR1sIXOVV_EsVJWwLfve5dvv0oNT7nVRSlx19ZM16B3Kj1k4neCKwLxoCf70QAvD_BwE,scale-embeddings-with-snowflake-notebooks-on-container-runtime,https://www.snowflake.com/en/developers/guides/schema-lineage-auto-propagation-llm/,,,,,,,,,,,,,,,,,,,,,,,,,,,,,,
seamless_ml_workflows_with_snowpark_and_deepnote,1,3,https://quickstarts.snowflake.com/guide/exploratory_data_analysis_with_snowflake_and_deepnote,exploratory_data_analysis_with_snowflake_and_deepnote,https://www.snowflake.com/en/developers/guides/end-to-end-machine-learning-with-dataiku/,,,,,,,,,,,,,,,,,,,,,,,,,,,,,,,,,,,,,,,
setting_up_snowflake_environments_in_vertex_ai,1,5,https://quickstarts.snowflake.com/guide/customer_insights_analyzer_using_vertex_ai_and_snowflake,customer_insights_analyzer_using_vertex_ai_and_snowflake,https://www.snowflake.com/en/developers/guides/building-geospatial-mult-layer-apps-with-snowflake-and-streamlit/,https://quickstarts.snowflake.com/guide/getting_started_with_snowflake/index.html#0,getting_started_with_snowflake,https://www.snowflake.com/en/developers/guides/getting-started-with-snowflake/,https://quickstarts.snowflake.com/guide/getting_started_with_snowpark_for_machine_learning_on_vertexai/index.html?index=..%2F..index#0,getting_started_with_snowpark_for_machine_learning_on_vertexai,https://www.snowflake.com/en/developers/guides/getting-started-with-snowpark-for-machine-learning-on-vertexai/,,,,,,,,,,,,,,,,,,,,,,,,,,,,,,,,,
snowflake_build_secure_multitenant_data_applications_snowflake_sigma,1,1,https://quickstarts.snowflake.com/guide/tasty_bytes_introduction,tasty_bytes_introduction,https://www.snowflake.com/en/developers/guides/tasty-bytes-introduction/,,,,,,,,,,,,,,,,,,,,,,,,,,,,,,,,,,,,,,,
snowpark_python_top_three_tips_for_optimal_performance,1,6,https://quickstarts.snowflake.com/guide/data_engineering_pipelines_with_snowpark_python,data_engineering_pipelines_with_snowpark_python,https://www.snowflake.com/en/developers/guides/building-geospatial-mult-layer-apps-with-snowflake-and-streamlit/,https://quickstarts.snowflake.com/guide/getting_started_snowpark_machine_learning/index.html,getting_started_snowpark_machine_learning,https://www.snowflake.com/en/developers/guides/end-to-end-machine-learning-with-dataiku/,https://quickstarts.snowflake.com/guide/getting_started_with_dataengineering_ml_using_snowpark_python/index.html#0,getting_started_with_dataengineering_ml_using_snowpark_python,https://www.snowflake.com/en/developers/guides/getting-started-with-dataengineering-ml-using-snowpark-python/,https://quickstarts.snowflake.com/guide/snowpark_python_top_three_tips_for_optimal_performance/index.html?index=..%2F..index#2,snowpark_python_top_three_tips_for_optimal_performance,https://www.snowflake.com/en/developers/guides/snowpark-python-top-three-tips-for-optimal-performance/,https://quickstarts.snowflake.com/guide/snowpark_python_top_three_tips_for_optimal_performance/index.html?index=..%2F..index#4,snowpark_python_top_three_tips_for_optimal_performance,https://www.snowflake.com/en/developers/guides/snowpark-python-top-three-tips-for-optimal-performance/,https://quickstarts.snowflake.com/guide/snowpark_python_top_three_tips_for_optimal_performance/index.html?index=..%2F..index#6,snowpark_python_top_three_tips_for_optimal_performance,https://www.snowflake.com/en/developers/guides/snowpark-python-top-three-tips-for-optimal-performance/,,,,,,,,,,,,,,,,,,,,,,,,
snowpark_python_top_tips_for_optimal_performance,1,3,https://quickstarts.snowflake.com/guide/data_engineering_pipelines_with_snowpark_python,data_engineering_pipelines_with_snowpark_python,https://www.snowflake.com/en/developers/guides/building-geospatial-mult-layer-apps-with-snowflake-and-streamlit/,https://quickstarts.snowflake.com/guide/getting_started_snowpark_machine_learning/index.html,getting_started_snowpark_machine_learning,https://www.snowflake.com/en/developers/guides/end-to-end-machine-learning-with-dataiku/,https://quickstarts.snowflake.com/guide/getting_started_with_dataengineering_ml_using_snowpark_python/index.html#0,getting_started_with_dataengineering_ml_using_snowpark_python,https://www.snowflake.com/en/developers/guides/getting-started-with-dataengineering-ml-using-snowpark-python/,,,,,,,,,,,,,,,,,,,,,,,,,,,,,,,,,
streamline_healthcare_cdc_ddb_and_openflow,1,1,https://quickstarts.snowflake.com/guide/getting_started_with_Openflow_spcs,getting_started_with_Openflow_spcs,https://www.snowflake.com/en/developers/guides/getting-started-with-openflow-for-cdc-on-sql-server/,,,,,,,,,,,,,,,,,,,,,,,,,,,,,,,,,,,,,,,
tasty_bytes_customer_experience_app,1,4,https://quickstarts.snowflake.com/guide/tasty_bytes_customer_experience_app,tasty_bytes_customer_experience_app,https://www.snowflake.com/en/developers/guides/tasty-bytes-customer-experience-app/,https://quickstarts.snowflake.com/guide/tasty_bytes_customer_support_email_app/index.html?index=..%2F..index#0,tasty_bytes_customer_support_email_app,https://www.snowflake.com/en/developers/guides/tasty-bytes-customer-support-email-app/,https://quickstarts.snowflake.com/guide/tasty_bytes_extracting_insights_with_docai/index.html?index=..%2F..index#0,tasty_bytes_extracting_insights_with_docai,https://www.snowflake.com/en/developers/guides/tasty-bytes-extracting-insights-with-docai/,,,,,,,,,,,,,,,,,,,,,,,,,,,,,,,,,
tasty_bytes_customer_support_email_app,1,5,https://quickstarts.snowflake.com/guide/tasty_bytes_customer_experience_app,tasty_bytes_customer_experience_app,https://www.snowflake.com/en/developers/guides/tasty-bytes-customer-experience-app/,https://quickstarts.snowflake.com/guide/tasty_bytes_rag_chatbot_using_cortex_and_streamlit/index.html?index=..%2F..index,tasty_bytes_rag_chatbot_using_cortex_and_streamlit,https://www.snowflake.com/en/developers/guides/tasty-bytes-rag-chatbot-using-cortex-and-streamlit/,,,,,,,,,,,,,,,,,,,,,,,,,,,,,,,,,,,,
tasty_bytes_enhancing_customer_experiences_using_cortex_finetuning,1,4,https://quickstarts.snowflake.com/guide/build_rag_based_equipment_maintenance_app_using_snowflake_cortex,build_rag_based_equipment_maintenance_app_using_snowflake_cortex,https://www.snowflake.com/en/developers/guides/build-rag-based-equipment-maintenance-app-using-snowflake-cortex/,https://quickstarts.snowflake.com/guide/customer_reviews_analytics_using_snowflake_cortex/index.html?index=..%2F..index#0,customer_reviews_analytics_using_snowflake_cortex,https://www.snowflake.com/en/developers/guides/building-geospatial-mult-layer-apps-with-snowflake-and-streamlit/,https://quickstarts.snowflake.com/guide/tasty_bytes_customer_experience_app/index.html?index=..%2F..index#0,tasty_bytes_customer_experience_app,https://www.snowflake.com/en/developers/guides/tasty-bytes-customer-experience-app/,https://quickstarts.snowflake.com/guide/tasty_bytes_customer_support_email_app/index.html?index=..%2F..index#0,tasty_bytes_customer_support_email_app,https://www.snowflake.com/en/developers/guides/tasty-bytes-customer-support-email-app/,,,,,,,,,,,,,,,,,,,,,,,,,,,,,,
tasty_bytes_extracting_insights_with_docai,1,1,https://quickstarts.snowflake.com/guide/tasty_bytes_introduction,tasty_bytes_introduction,https://www.snowflake.com/en/developers/guides/tasty-bytes-introduction/,,,,,,,,,,,,,,,,,,,,,,,,,,,,,,,,,,,,,,,
tasty_bytes_introduction,1,14,https://quickstarts.snowflake.com/guide/customer_reviews_analytics_using_snowflake_cortex,customer_reviews_analytics_using_snowflake_cortex,https://www.snowflake.com/en/developers/guides/building-geospatial-mult-layer-apps-with-snowflake-and-streamlit/,https://quickstarts.snowflake.com/guide/developing-react-native-applications-using-hybrid-tables-sql-alchemy-flask/index.html?index=..%2F..index,developing-react-native-applications-using-hybrid-tables-sql-alchemy-flask,https://www.snowflake.com/ko/developers/guides/developing-tasty-bytes-react-native-application-with-snowflake-sql-api-kr/,https://quickstarts.snowflake.com/guide/developing_tasty_bytes_react_native_application_with_snowflake_sql_api/index.html?index=..%2F..index,developing_tasty_bytes_react_native_application_with_snowflake_sql_api,https://www.snowflake.com/en/developers/guides/developing-tasty-bytes-react-native-application-with-snowflake-sql-api/,https://quickstarts.snowflake.com/guide/integrating_tasty_bytes_location_recommendation_ml_model_into_the_react_native_data_app/index.html?index=..%2F..index,integrating_tasty_bytes_location_recommendation_ml_model_into_the_react_native_data_app,https://www.snowflake.com/en/developers/guides/integrating-fluentd-with-snowflake/,https://quickstarts.snowflake.com/guide/tasty_bytes_extracting_insights_with_docai/index.html?index=..%2F..index,tasty_bytes_extracting_insights_with_docai,https://www.snowflake.com/en/developers/guides/tasty-bytes-extracting-insights-with-docai/,https://quickstarts.snowflake.com/guide/tasty_bytes_introduction/index.html#3,tasty_bytes_introduction,https://www.snowflake.com/en/developers/guides/tasty-bytes-introduction/,https://quickstarts.snowflake.com/guide/tasty_bytes_snowpark_101_for_data_science/index.html?index=..%2F..index,tasty_bytes_snowpark_101_for_data_science,https://www.snowflake.com/en/developers/guides/tasty-bytes-snowpark-101-for-data-science/,https://quickstarts.snowflake.com/guide/tasty_bytes_working_with_iceberg_tables/index.html?index=..%2F..index,tasty_bytes_working_with_iceberg_tables,https://www.snowflake.com/pt_br/developers/guides/tasty-bytes-snowpark-101-for-data-science-ptbr/,https://quickstarts.snowflake.com/guide/tasty_bytes_zero_to_snowflake_collaboration/index.html?index=..%2F..index,tasty_bytes_zero_to_snowflake_collaboration,https://www.snowflake.com/pt_br/developers/guides/tasty-bytes-snowpark-101-for-data-science-ptbr/,https://quickstarts.snowflake.com/guide/tasty_bytes_zero_to_snowflake_cost_management/index.html?index=..%2F..index,tasty_bytes_zero_to_snowflake_cost_management,https://www.snowflake.com/en/developers/guides/tasty-bytes-zero-to-snowflake-cost-management/,https://quickstarts.snowflake.com/guide/tasty_bytes_zero_to_snowflake_geospatial/index.html?index=..%2F..index,tasty_bytes_zero_to_snowflake_geospatial,https://www.snowflake.com/en/developers/guides/tasty-bytes-zero-to-snowflake-geospatial/,https://quickstarts.snowflake.com/guide/tasty_bytes_zero_to_snowflake_governance_with_horizon/index.html?index=..%2F..index,tasty_bytes_zero_to_snowflake_governance_with_horizon,https://www.snowflake.com/en/developers/guides/tasty-bytes-zero-to-snowflake-governance-with-horizon/,https://quickstarts.snowflake.com/guide/tasty_bytes_zero_to_snowflake_semi_structured_data/index.html?index=..%2F..index,tasty_bytes_zero_to_snowflake_semi_structured_data,https://www.snowflake.com/en/developers/guides/tasty-bytes-zero-to-snowflake-semi-structured-data/,https://quickstarts.snowflake.com/guide/tasty_bytes_zero_to_snowflake_transformation/index.html?index=..%2F..index,tasty_bytes_zero_to_snowflake_transformation,https://www.snowflake.com/en/developers/guides/tasty-bytes-zero-to-snowflake-transformation/
tasty_bytes_introduction_es,1,1,https://quickstarts.snowflake.com/guide/tasty_bytes_zero_to_snowflake_geospatial/,tasty_bytes_zero_to_snowflake_geospatial/,https://www.snowflake.com/en/developers/guides/tasty-bytes-zero-to-snowflake-geospatial/,,,,,,,,,,,,,,,,,,,,,,,,,,,,,,,,,,,,,,,
tasty_bytes_introduction_fr,1,4,https://quickstarts.snowflake.com/guide/tasty_bytes_introduction_fr,tasty_bytes_introduction_fr,https://www.snowflake.com/fr/developers/guides/tasty-bytes-introduction-fr/,https://quickstarts.snowflake.com/guide/tasty_bytes_zero_to_snowflake_cost_management/#0,tasty_bytes_zero_to_snowflake_cost_management,https://www.snowflake.com/en/developers/guides/tasty-bytes-zero-to-snowflake-cost-management/,https://quickstarts.snowflake.com/guide/tasty_bytes_zero_to_snowflake_geospatial/,tasty_bytes_zero_to_snowflake_geospatial,https://www.snowflake.com/en/developers/guides/tasty-bytes-zero-to-snowflake-geospatial/,https://quickstarts.snowflake.com/guide/tasty_bytes_zero_to_snowflake_governance_with_horizon/#0,tasty_bytes_zero_to_snowflake_governance_with_horizon,https://www.snowflake.com/en/developers/guides/tasty-bytes-zero-to-snowflake-governance-with-horizon/,,,,,,,,,,,,,,,,,,,,,,,,,,,,,,
tasty_bytes_introduction_it,1,4,https://quickstarts.snowflake.com/guide/tasty_bytes_introduction_it,tasty_bytes_introduction_it,https://www.snowflake.com/it/developers/guides/tasty-bytes-introduction-it/,https://quickstarts.snowflake.com/guide/tasty_bytes_zero_to_snowflake_data_governance/,tasty_bytes_zero_to_snowflake_data_governance,https://www.snowflake.com/en/developers/guides/tasty-bytes-zero-to-snowflake-cost-management/,https://quickstarts.snowflake.com/guide/tasty_bytes_zero_to_snowflake_financial_governance/,tasty_bytes_zero_to_snowflake_financial_governance,https://www.snowflake.com/en/developers/guides/tasty-bytes-zero-to-snowflake-cost-management/,https://quickstarts.snowflake.com/guide/tasty_bytes_zero_to_snowflake_geospatial/,tasty_bytes_zero_to_snowflake_geospatial,https://www.snowflake.com/en/developers/guides/tasty-bytes-zero-to-snowflake-geospatial/,,,,,,,,,,,,,,,,,,,,,,,,,,,,,,
tasty_bytes_introduction_ja,1,2,https://quickstarts.snowflake.com/guide/tasty_bytes_zero_to_snowflake_cost_management/,tasty_bytes_zero_to_snowflake_cost_management/,https://www.snowflake.com/en/developers/guides/tasty-bytes-zero-to-snowflake-cost-management/,https://quickstarts.snowflake.com/guide/tasty_bytes_zero_to_snowflake_geospatial/,tasty_bytes_zero_to_snowflake_geospatial,https://www.snowflake.com/en/developers/guides/tasty-bytes-zero-to-snowflake-geospatial/,,,,,,,,,,,,,,,,,,,,,,,,,,,,,,,,,,,,
tasty_bytes_introduction_kr,1,3,https://quickstarts.snowflake.com/guide/tasty_bytes_zero_to_snowflake_data_governance/,tasty_bytes_zero_to_snowflake_data_governance/,https://www.snowflake.com/en/developers/guides/tasty-bytes-zero-to-snowflake-cost-management/,https://quickstarts.snowflake.com/guide/tasty_bytes_zero_to_snowflake_financial_governance/,tasty_bytes_zero_to_snowflake_financial_governance,https://www.snowflake.com/en/developers/guides/tasty-bytes-zero-to-snowflake-cost-management/,https://quickstarts.snowflake.com/guide/tasty_bytes_zero_to_snowflake_geospatial/,tasty_bytes_zero_to_snowflake_geospatial,https://www.snowflake.com/en/developers/guides/tasty-bytes-zero-to-snowflake-geospatial/,,,,,,,,,,,,,,,,,,,,,,,,,,,,,,,,,
tasty_bytes_introduction_ptbr,1,3,https://quickstarts.snowflake.com/guide/tasty_bytes_zero_to_snowflake_data_governance/,tasty_bytes_zero_to_snowflake_data_governance/,https://www.snowflake.com/en/developers/guides/tasty-bytes-zero-to-snowflake-cost-management/,https://quickstarts.snowflake.com/guide/tasty_bytes_zero_to_snowflake_financial_governance/,tasty_bytes_zero_to_snowflake_financial_governance,https://www.snowflake.com/en/developers/guides/tasty-bytes-zero-to-snowflake-cost-management/,https://quickstarts.snowflake.com/guide/tasty_bytes_zero_to_snowflake_geospatial/,tasty_bytes_zero_to_snowflake_geospatial,https://www.snowflake.com/en/developers/guides/tasty-bytes-zero-to-snowflake-geospatial/,,,,,,,,,,,,,,,,,,,,,,,,,,,,,,,,,
tasty_bytes_snowpark_101_for_data_science,1,1,https://quickstarts.snowflake.com/guide/tasty_bytes_introduction,tasty_bytes_introduction,https://www.snowflake.com/en/developers/guides/tasty-bytes-introduction/,,,,,,,,,,,,,,,,,,,,,,,,,,,,,,,,,,,,,,,
tasty_bytes_snowpark_101_for_data_science_ja,1,1,https://quickstarts.snowflake.com/guide/tasty_bytes_introduction,tasty_bytes_introduction,https://www.snowflake.com/en/developers/guides/tasty-bytes-introduction/,,,,,,,,,,,,,,,,,,,,,,,,,,,,,,,,,,,,,,,
tasty_bytes_zero_to_snowflake_collaboration,1,2,https://quickstarts.snowflake.com/guide/tasty_bytes_introduction,tasty_bytes_introduction,https://www.snowflake.com/en/developers/guides/tasty-bytes-introduction/,https://quickstarts.snowflake.com/guide/tasty_bytes_introduction/index.html#3,tasty_bytes_introduction,https://www.snowflake.com/en/developers/guides/tasty-bytes-introduction/,,,,,,,,,,,,,,,,,,,,,,,,,,,,,,,,,,,,
tasty_bytes_zero_to_snowflake_collaboration_es,1,1,https://quickstarts.snowflake.com/guide/tasty_bytes_introduction,tasty_bytes_introduction,https://www.snowflake.com/en/developers/guides/tasty-bytes-introduction/,,,,,,,,,,,,,,,,,,,,,,,,,,,,,,,,,,,,,,,
tasty_bytes_zero_to_snowflake_collaboration_ja,1,2,https://quickstarts.snowflake.com/guide/tasty_bytes_introduction_ja,tasty_bytes_introduction_ja,https://www.snowflake.com/ja/developers/guides/tasty-bytes-introduction-ja/,https://quickstarts.snowflake.com/guide/tasty_bytes_introduction_ja/index.html#3,tasty_bytes_introduction_ja,https://www.snowflake.com/ja/developers/guides/tasty-bytes-introduction-ja/,,,,,,,,,,,,,,,,,,,,,,,,,,,,,,,,,,,,
tasty_bytes_zero_to_snowflake_cost_management,1,2,https://quickstarts.snowflake.com/guide/tasty_bytes_introduction,tasty_bytes_introduction,https://www.snowflake.com/en/developers/guides/tasty-bytes-introduction/,https://quickstarts.snowflake.com/guide/tasty_bytes_introduction/index.html#3,tasty_bytes_introduction,https://www.snowflake.com/en/developers/guides/tasty-bytes-introduction/,,,,,,,,,,,,,,,,,,,,,,,,,,,,,,,,,,,,
tasty_bytes_zero_to_snowflake_geospatial,1,2,https://quickstarts.snowflake.com/guide/tasty_bytes_introduction,tasty_bytes_introduction,https://www.snowflake.com/en/developers/guides/tasty-bytes-introduction/,https://quickstarts.snowflake.com/guide/tasty_bytes_introduction/index.html#3,tasty_bytes_introduction,https://www.snowflake.com/en/developers/guides/tasty-bytes-introduction/,,,,,,,,,,,,,,,,,,,,,,,,,,,,,,,,,,,,
tasty_bytes_zero_to_snowflake_governance_with_horizon,1,2,https://quickstarts.snowflake.com/guide/tasty_bytes_introduction,tasty_bytes_introduction,https://www.snowflake.com/en/developers/guides/tasty-bytes-introduction/,https://quickstarts.snowflake.com/guide/tasty_bytes_introduction/index.html#3,tasty_bytes_introduction,https://www.snowflake.com/en/developers/guides/tasty-bytes-introduction/,,,,,,,,,,,,,,,,,,,,,,,,,,,,,,,,,,,,
tasty_bytes_zero_to_snowflake_semi_structured_data,1,2,https://quickstarts.snowflake.com/guide/tasty_bytes_introduction,tasty_bytes_introduction,https://www.snowflake.com/en/developers/guides/tasty-bytes-introduction/,https://quickstarts.snowflake.com/guide/tasty_bytes_introduction/index.html#3,tasty_bytes_introduction,https://www.snowflake.com/en/developers/guides/tasty-bytes-introduction/,,,,,,,,,,,,,,,,,,,,,,,,,,,,,,,,,,,,
tasty_bytes_zero_to_snowflake_semi_structured_data_fr,1,1,https://quickstarts.snowflake.com/guide/tasty_bytes_introduction_fr,tasty_bytes_introduction_fr,https://www.snowflake.com/fr/developers/guides/tasty-bytes-introduction-fr/,,,,,,,,,,,,,,,,,,,,,,,,,,,,,,,,,,,,,,,
tasty_bytes_zero_to_snowflake_semi_structured_data_ja,1,2,https://quickstarts.snowflake.com/guide/tasty_bytes_introduction_ja,tasty_bytes_introduction_ja,https://www.snowflake.com/ja/developers/guides/tasty-bytes-introduction-ja/,https://quickstarts.snowflake.com/guide/tasty_bytes_introduction_ja/index.html#3,tasty_bytes_introduction_ja,https://www.snowflake.com/ja/developers/guides/tasty-bytes-introduction-ja/,,,,,,,,,,,,,,,,,,,,,,,,,,,,,,,,,,,,
tasty_bytes_zero_to_snowflake_transformation,1,2,https://quickstarts.snowflake.com/guide/tasty_bytes_introduction,tasty_bytes_introduction,https://www.snowflake.com/en/developers/guides/tasty-bytes-introduction/,https://quickstarts.snowflake.com/guide/tasty_bytes_introduction/index.html#3,tasty_bytes_introduction,https://www.snowflake.com/en/developers/guides/tasty-bytes-introduction/,,,,,,,,,,,,,,,,,,,,,,,,,,,,,,,,,,,,
tasty_bytes_zero_to_snowflake_transformation_ja,1,2,https://quickstarts.snowflake.com/guide/tasty_bytes_introduction_ja,tasty_bytes_introduction_ja,https://www.snowflake.com/ja/developers/guides/tasty-bytes-introduction-ja/,https://quickstarts.snowflake.com/guide/tasty_bytes_introduction_ja/index.html#3,tasty_bytes_introduction_ja,https://www.snowflake.com/ja/developers/guides/tasty-bytes-introduction-ja/,,,,,,,,,,,,,,,,,,,,,,,,,,,,,,,,,,,,
tasty_bytes_zero_to_snowflake_transformation_ptbr,1,1,https://quickstarts.snowflake.com/guide/tasty_bytes_introduction,tasty_bytes_introduction,https://www.snowflake.com/en/developers/guides/tasty-bytes-introduction/,,,,,,,,,,,,,,,,,,,,,,,,,,,,,,,,,,,,,,,
tasty_bytes_zero_to_spcs_app,1,6,https://quickstarts.snowflake.com/guide/build_a_data_app_with_snowflake,build_a_data_app_with_snowflake,https://www.snowflake.com/en/developers/guides/build-a-custom-api-in-python-on-aws/,https://quickstarts.snowflake.com/guide/build_a_data_app_with_snowflake/#2,build_a_data_app_with_snowflake,https://www.snowflake.com/en/developers/guides/build-a-custom-api-in-python-on-aws/,,,,,,,,,,,,,,,,,,,,,,,,,,,,,,,,,,,,
text_embedding_as_snowpark_python_udf,1,1,https://quickstarts.snowflake.com/guide/getting_started_with_dataengineering_ml_using_snowpark_python,getting_started_with_dataengineering_ml_using_snowpark_python,https://www.snowflake.com/en/developers/guides/getting-started-with-dataengineering-ml-using-snowpark-python/,,,,,,,,,,,,,,,,,,,,,,,,,,,,,,,,,,,,,,,
the_modern_lakehouse_analytics_blueprint,1,2,https://quickstarts.snowflake.com/guide/getting-started-with-snowflake-intelligence,getting-started-with-snowflake-intelligence,https://www.snowflake.com/ko/developers/guides/getting-started-with-user-defined-sql-functions-kr/,https://quickstarts.snowflake.com/guide/modern_lakehouse_analytics_on_snowflake/img/a2adb3f9c152831d.png,modern_lakehouse_analytics_on_snowflake,https://www.snowflake.com/en/developers/guides/ml-with-snowpark-and-apache-airflow/,,,,,,,,,,,,,,,,,,,,,,,,,,,,,,,,,,,,
tidymodel-prediction-workflows-inside-snowflake-with-orbital,1,1,https://quickstarts.snowflake.com/guide/analyze_data_with_r_using_posit_workbench_and_snowflake,analyze_data_with_r_using_posit_workbench_and_snowflake,https://www.snowflake.com/en/developers/guides/analyze-data-with-r-using-posit-workbench-and-snowflake/,,,,,,,,,,,,,,,,,,,,,,,,,,,,,,,,,,,,,,,
train-xgboost-with-gpus,1,5,https://quickstarts.snowflake.com/guide/defect_detection_using_distributed_pyTorch_with_snowflake_notebooks,defect_detection_using_distributed_pyTorch_with_snowflake_notebooks,https://www.snowflake.com/en/developers/guides/declarative-pipelines-using-dynamic-iceberg-tablesmd/,https://quickstarts.snowflake.com/guide/getting-started-with-running-distributed-pytorch-models-on-snowflake/,getting-started-with-running-distributed-pytorch-models-on-snowflake,https://www.snowflake.com/ko/developers/guides/getting-started-with-user-defined-sql-functions-kr/,https://quickstarts.snowflake.com/guide/notebook-container-runtime/,notebook-container-runtime,https://www.snowflake.com/en/developers/guides/modern-data-stack-with-fivetran-snowflake-salesforce/,https://quickstarts.snowflake.com/guide/notebook-container-runtime/index.html#0,notebook-container-runtime,https://www.snowflake.com/en/developers/guides/modern-data-stack-with-fivetran-snowflake-salesforce/,https://quickstarts.snowflake.com/guide/scale-embeddings-with-snowflake-notebooks-on-container-runtime,#VALUE!,#VALUE!,,,,,,,,,,,,,,,,,,,,,,,,,,,
using_snowflake_and_azure_openai_for_a_rag_workflow,1,1,https://quickstarts.snowflake.com/guide/getting_started_with_snowflake/,getting_started_with_snowflake/,https://www.snowflake.com/en/developers/guides/getting-started-with-snowflake-notebooks/,,,,,,,,,,,,,,,,,,,,,,,,,,,,,,,,,,,,,,,
using_snowflake_cortex_and_streamlit_with_geospatial_data,1,2,https://quickstarts.snowflake.com/guide/asking_questions_to_your_own_documents_with_snowflake_cortex/,asking_questions_to_your_own_documents_with_snowflake_cortex/,https://www.snowflake.com/en/developers/guides/ask-questions-to-your-own-documents-with-snowflake-cortex-search/,https://quickstarts.snowflake.com/guide/geo-for-machine-learning/index.html?index=..%2F..index#0,geo-for-machine-learning,https://www.snowflake.com/en/developers/guides/end-to-end-machine-learning-with-dataiku/,,,,,,,,,,,,,,,,,,,,,,,,,,,,,,,,,,,,
vhol_snowpipe_streaming_msk,1,1,https://quickstarts.snowflake.com/,,#N/A,,,,,,,,,,,,,,,,,,,,,,,,,,,,,,,,,,,,,,,
well-architected-framework-performance,1,1,https://quickstarts.snowflake.com/guide/getting_started_with_snowflake_cluster_key_selection/,getting_started_with_snowflake_cluster_key_selection/,https://www.snowflake.com/en/developers/guides/getting-started-with-snowflake-devops/,,,,,,,,,,,,,,,,,,,,,,,,,,,,,,,,,,,,,,,
zero_to_snowflake,1,5,https://quickstarts.snowflake.com/guide/zero_to_snowflake/,zero_to_snowflake/,https://www.snowflake.com/en/developers/guides/zero-to-snowflake/,https://quickstarts.snowflake.com/guide/zero_to_snowflake/index.html?index=..%2F..index#19,zero_to_snowflake,https://www.snowflake.com/en/developers/guides/zero-to-snowflake/,https://quickstarts.snowflake.com/guide/zero_to_snowflake/index.html?index=..%2F..index#28,zero_to_snowflake,https://www.snowflake.com/en/developers/guides/zero-to-snowflake/,,,,,,,,,,,,,,,,,,,,,,,,,,,,,,,,,